00:00:0C,Cisco
00:01:30,Extreme
00:01:42,Cisco
00:01:43,Cisco
00:01:63,Cisco
00:01:64,Cisco
00:01:96,Cisco
00:01:97,Cisco
00:01:C7,Cisco
00:01:C9,Cisco
00:02:16,Cisco
00:02:17,Cisco
00:02:3D,Cisco
00:02:4A,Cisco
00:02:4B,Cisco
00:02:7D,Cisco
00:02:7E,Cisco
00:02:B9,Cisco
00:02:BA,Cisco
00:02:EE,Nokia
00:02:FC,Cisco
00:02:FD,Cisco
00:03:31,Cisco
00:03:32,Cisco
00:03:6B,Cisco
00:03:6C,Cisco
00:03:9F,Cisco
00:03:A0,Cisco
00:03:E3,Cisco
00:03:E4,Cisco
00:03:FD,Cisco
00:03:FE,Cisco
00:04:27,Cisco
00:04:28,Cisco
00:04:4D,Cisco
00:04:4E,Cisco
00:04:6D,Cisco
00:04:6E,Cisco
00:04:96,Extreme
00:04:9A,Cisco
00:04:9B,Cisco
00:04:C0,Cisco
00:04:C1,Cisco
00:04:DD,Cisco
00:04:DE,Cisco
00:05:00,Cisco
00:05:01,Cisco
00:05:31,Cisco
00:05:32,Cisco
00:05:5D,D-Link
00:05:5E,Cisco
00:05:5F,Cisco
00:05:73,Cisco
00:05:74,Cisco
00:05:85,Juniper
00:05:9A,Cisco
00:05:9B,Cisco
00:05:DC,Cisco
00:05:DD,Cisco
00:06:28,Cisco
00:06:2A,Cisco
00:06:52,Cisco
00:06:53,Cisco
00:06:7C,Cisco
00:06:C1,Cisco
00:06:D6,Cisco
00:06:D7,Cisco
00:06:F6,Cisco
00:07:0D,Cisco
00:07:0E,Cisco
00:07:4F,Cisco
00:07:50,Cisco
00:07:72,Nokia
00:07:7D,Cisco
00:07:84,Cisco
00:07:85,Cisco
00:07:B3,Cisco
00:07:B4,Cisco
00:07:EB,Cisco
00:07:EC,Cisco
00:08:20,Cisco
00:08:21,Cisco
00:08:2F,Cisco
00:08:30,Cisco
00:08:31,Cisco
00:08:32,Cisco
00:08:7C,Cisco
00:08:7D,Cisco
00:08:A3,Cisco
00:08:A4,Cisco
00:08:C2,Cisco
00:08:E2,Cisco
00:08:E3,Cisco
00:09:11,Cisco
00:09:12,Cisco
00:09:43,Cisco
00:09:44,Cisco
00:09:7B,Cisco
00:09:7C,Cisco
00:09:B6,Cisco
00:09:B7,Cisco
00:09:E8,Cisco
00:09:E9,Cisco
00:0A:41,Cisco
00:0A:42,Cisco
00:0A:8A,Cisco
00:0A:8B,Cisco
00:0A:B7,Cisco
00:0A:B8,Cisco
00:0A:EB,TP-Link
00:0A:F3,Cisco
00:0A:F4,Cisco
00:0B:45,Cisco
00:0B:46,Cisco
00:0B:5F,Cisco
00:0B:60,Cisco
00:0B:85,Cisco
00:0B:BE,Cisco
00:0B:BF,Cisco
00:0B:E1,Nokia
00:0B:FC,Cisco
00:0B:FD,Cisco
00:0C:30,Cisco
00:0C:31,Cisco
00:0C:42,MikroTik
00:0C:85,Cisco
00:0C:86,Cisco
00:0C:CE,Cisco
00:0C:CF,Cisco
00:0D:28,Cisco
00:0D:29,Cisco
00:0D:65,Cisco
00:0D:66,Cisco
00:0D:88,D-Link
00:0D:BC,Cisco
00:0D:BD,Cisco
00:0D:EC,Cisco
00:0D:ED,Cisco
00:0E:38,Cisco
00:0E:39,Cisco
00:0E:83,Cisco
00:0E:84,Cisco
00:0E:D6,Cisco
00:0E:D7,Cisco
00:0E:ED,Nokia
00:0F:23,Cisco
00:0F:24,Cisco
00:0F:34,Cisco
00:0F:35,Cisco
00:0F:3D,D-Link
00:0F:8F,Cisco
00:0F:90,Cisco
00:0F:BB,Nokia
00:0F:F7,Cisco
00:0F:F8,Cisco
00:10:07,Cisco
00:10:0B,Cisco
00:10:0D,Cisco
00:10:11,Cisco
00:10:14,Cisco
00:10:1F,Cisco
00:10:29,Cisco
00:10:2F,Cisco
00:10:54,Cisco
00:10:79,Cisco
00:10:7B,Cisco
00:10:A6,Cisco
00:10:B3,Nokia
00:10:DB,Juniper
00:10:F6,Cisco
00:10:FF,Cisco
00:11:20,Cisco
00:11:21,Cisco
00:11:5C,Cisco
00:11:5D,Cisco
00:11:8B,Nokia
00:11:92,Cisco
00:11:93,Cisco
00:11:95,D-Link
00:11:9F,Nokia
00:11:BB,Cisco
00:11:BC,Cisco
00:12:00,Cisco
00:12:01,Cisco
00:12:1E,Juniper
00:12:43,Cisco
00:12:44,Cisco
00:12:62,Nokia
00:12:7F,Cisco
00:12:80,Cisco
00:12:D9,Cisco
00:12:DA,Cisco
00:13:19,Cisco
00:13:1A,Cisco
00:13:46,D-Link
00:13:49,Zyxel
00:13:5F,Cisco
00:13:60,Cisco
00:13:70,Nokia
00:13:7F,Cisco
00:13:80,Cisco
00:13:C3,Cisco
00:13:C4,Cisco
00:13:FD,Nokia
00:14:1B,Cisco
00:14:1C,Cisco
00:14:69,Cisco
00:14:6A,Cisco
00:14:78,TP-Link
00:14:A7,Nokia
00:14:A8,Cisco
00:14:A9,Cisco
00:14:F1,Cisco
00:14:F2,Cisco
00:14:F6,Juniper
00:15:2A,Nokia
00:15:2B,Cisco
00:15:2C,Cisco
00:15:62,Cisco
00:15:63,Cisco
00:15:A0,Nokia
00:15:C6,Cisco
00:15:C7,Cisco
00:15:DE,Nokia
00:15:E9,D-Link
00:15:F9,Cisco
00:15:FA,Cisco
00:16:46,Cisco
00:16:47,Cisco
00:16:4D,Nokia
00:16:4E,Nokia
00:16:9C,Cisco
00:16:9D,Cisco
00:16:BC,Nokia
00:16:C7,Cisco
00:16:C8,Cisco
00:16:F8,QTECH
00:17:0E,Cisco
00:17:0F,Cisco
00:17:3B,Cisco
00:17:4B,Nokia
00:17:59,Cisco
00:17:5A,Cisco
00:17:94,Cisco
00:17:95,Cisco
00:17:9A,D-Link
00:17:B0,Nokia
00:17:CB,Juniper
00:17:CC,Nokia
00:17:DF,Cisco
00:17:E0,Cisco
00:18:0F,Nokia
00:18:18,Cisco
00:18:19,Cisco
00:18:42,Nokia
00:18:73,Cisco
00:18:74,Cisco
00:18:82,Huawei
00:18:8D,Nokia
00:18:B9,Cisco
00:18:BA,Cisco
00:18:C5,Nokia
00:19:06,Cisco
00:19:07,Cisco
00:19:2D,Nokia
00:19:2F,Cisco
00:19:30,Cisco
00:19:4F,Nokia
00:19:55,Cisco
00:19:56,Cisco
00:19:5B,D-Link
00:19:77,Extreme
00:19:79,Nokia
00:19:8F,Nokia
00:19:A9,Cisco
00:19:AA,Cisco
00:19:B7,Nokia
00:19:CB,Zyxel
00:19:E0,TP-Link
00:19:E2,Juniper
00:19:E7,Cisco
00:19:E8,Cisco
00:1A:16,Nokia
00:1A:2F,Cisco
00:1A:30,Cisco
00:1A:6C,Cisco
00:1A:6D,Cisco
00:1A:89,Nokia
00:1A:A1,Cisco
00:1A:A2,Cisco
00:1A:DC,Nokia
00:1A:E2,Cisco
00:1A:E3,Cisco
00:1A:F0,Nokia
00:1B:0C,Cisco
00:1B:0D,Cisco
00:1B:11,D-Link
00:1B:2A,Cisco
00:1B:2B,Cisco
00:1B:33,Nokia
00:1B:53,Cisco
00:1B:54,Cisco
00:1B:67,Cisco
00:1B:8F,Cisco
00:1B:90,Cisco
00:1B:AF,Nokia
00:1B:C0,Juniper
00:1B:D4,Cisco
00:1B:D5,Cisco
00:1B:EE,Nokia
00:1C:0E,Cisco
00:1C:0F,Cisco
00:1C:35,Nokia
00:1C:57,Cisco
00:1C:58,Cisco
00:1C:73,Arista
00:1C:8E,Nokia
00:1C:9A,Nokia
00:1C:B0,Cisco
00:1C:B1,Cisco
00:1C:D4,Nokia
00:1C:D6,Nokia
00:1C:F0,D-Link
00:1C:F6,Cisco
00:1C:F9,Cisco
00:1D:0F,TP-Link
00:1D:3B,Nokia
00:1D:45,Cisco
00:1D:46,Cisco
00:1D:4C,Nokia
00:1D:6E,Nokia
00:1D:70,Cisco
00:1D:71,Cisco
00:1D:98,Nokia
00:1D:A1,Cisco
00:1D:A2,Cisco
00:1D:B5,Juniper
00:1D:E5,Cisco
00:1D:E6,Cisco
00:1D:E9,Nokia
00:1D:FD,Nokia
00:1E:10,Huawei
00:1E:13,Cisco
00:1E:14,Cisco
00:1E:3A,Nokia
00:1E:3B,Nokia
00:1E:49,Cisco
00:1E:4A,Cisco
00:1E:58,D-Link
00:1E:79,Cisco
00:1E:7A,Cisco
00:1E:A3,Nokia
00:1E:A4,Nokia
00:1E:BD,Cisco
00:1E:BE,Cisco
00:1E:F6,Cisco
00:1E:F7,Cisco
00:1F:00,Nokia
00:1F:01,Nokia
00:1F:12,Juniper
00:1F:26,Cisco
00:1F:27,Cisco
00:1F:5C,Nokia
00:1F:5D,Nokia
00:1F:6C,Cisco
00:1F:6D,Cisco
00:1F:9D,Cisco
00:1F:9E,Cisco
00:1F:C9,Cisco
00:1F:CA,Cisco
00:1F:CE,QTECH
00:1F:DE,Nokia
00:1F:DF,Nokia
00:20:DA,Nokia
00:21:05,Nokia
00:21:08,Nokia
00:21:09,Nokia
00:21:1B,Cisco
00:21:1C,Cisco
00:21:27,TP-Link
00:21:35,Nokia
00:21:55,Cisco
00:21:56,Cisco
00:21:59,Juniper
00:21:91,D-Link
00:21:A0,Cisco
00:21:A1,Cisco
00:21:AA,Nokia
00:21:AB,Nokia
00:21:AE,Nokia
00:21:D7,Cisco
00:21:D8,Cisco
00:21:FC,Nokia
00:21:FE,Nokia
00:22:0C,Cisco
00:22:0D,Cisco
00:22:55,Cisco
00:22:56,Cisco
00:22:65,Nokia
00:22:66,Nokia
00:22:83,Juniper
00:22:90,Cisco
00:22:91,Cisco
00:22:A1,Huawei
00:22:B0,D-Link
00:22:BD,Cisco
00:22:BE,Cisco
00:22:FC,Nokia
00:22:FD,Nokia
00:23:04,Cisco
00:23:05,Cisco
00:23:33,Cisco
00:23:34,Cisco
00:23:3E,Nokia
00:23:5D,Cisco
00:23:5E,Cisco
00:23:9C,Juniper
00:23:AB,Cisco
00:23:AC,Cisco
00:23:B4,Nokia
00:23:CD,TP-Link
00:23:EA,Cisco
00:23:EB,Cisco
00:23:F8,Zyxel
00:24:01,D-Link
00:24:03,Nokia
00:24:04,Nokia
00:24:13,Cisco
00:24:14,Cisco
00:24:50,Cisco
00:24:51,Cisco
00:24:7C,Nokia
00:24:7D,Nokia
00:24:97,Cisco
00:24:98,Cisco
00:24:C3,Cisco
00:24:C4,Cisco
00:24:DC,Juniper
00:24:F7,Cisco
00:24:F9,Cisco
00:25:45,Cisco
00:25:46,Cisco
00:25:47,Nokia
00:25:48,Nokia
00:25:68,Huawei
00:25:83,Cisco
00:25:84,Cisco
00:25:86,TP-Link
00:25:9E,Huawei
00:25:B4,Cisco
00:25:B5,Cisco
00:25:BA,Nokia
00:25:CF,Nokia
00:25:D0,Nokia
00:26:0A,Cisco
00:26:0B,Cisco
00:26:51,Cisco
00:26:52,Cisco
00:26:5A,D-Link
00:26:68,Nokia
00:26:69,Nokia
00:26:88,Juniper
00:26:98,Cisco
00:26:99,Cisco
00:26:CA,Cisco
00:26:CB,Cisco
00:26:CC,Nokia
00:27:0C,Cisco
00:27:0D,Cisco
00:27:19,TP-Link
00:27:90,Cisco
00:27:E3,Cisco
00:29:C2,Cisco
00:2A:10,Cisco
00:2A:6A,Cisco
00:2C:C8,Cisco
00:2E:C7,Huawei
00:2F:5C,Cisco
00:30:19,Cisco
00:30:24,Cisco
00:30:40,Cisco
00:30:71,Cisco
00:30:78,Cisco
00:30:7B,Cisco
00:30:80,Cisco
00:30:85,Cisco
00:30:94,Cisco
00:30:96,Cisco
00:30:A3,Cisco
00:30:B6,Cisco
00:30:F2,Cisco
00:31:26,Nokia
00:31:46,Juniper
00:31:92,TP-Link
00:32:17,Cisco
00:34:FE,Huawei
00:35:1A,Cisco
00:38:DF,Cisco
00:3A:7D,Cisco
00:3A:98,Cisco
00:3A:99,Cisco
00:3A:9A,Cisco
00:3A:9B,Cisco
00:3A:9C,Cisco
00:3C:10,Cisco
00:3D:E1,Huawei
00:40:0B,Cisco
00:40:43,Nokia
00:40:96,Cisco
00:41:D2,Cisco
00:42:5A,Cisco
00:42:68,Cisco
00:45:1D,Cisco
00:46:4B,Huawei
00:4B:0D,Huawei
00:4F:1A,Huawei
00:50:0B,Cisco
00:50:0F,Cisco
00:50:14,Cisco
00:50:2A,Cisco
00:50:3E,Cisco
00:50:50,Cisco
00:50:53,Cisco
00:50:54,Cisco
00:50:73,Cisco
00:50:80,Cisco
00:50:A2,Cisco
00:50:A7,Cisco
00:50:BA,D-Link
00:50:BD,Cisco
00:50:D1,Cisco
00:50:E2,Cisco
00:50:F0,Cisco
00:56:2B,Cisco
00:56:6D,Huawei
00:57:D2,Cisco
00:59:6C,Cisco
00:59:DC,Cisco
00:5A:13,Huawei
00:5D:73,Cisco
00:5F:67,TP-Link
00:5F:86,Cisco
00:60:09,Cisco
00:60:2F,Cisco
00:60:3E,Cisco
00:60:47,Cisco
00:60:5C,Cisco
00:60:70,Cisco
00:60:83,Cisco
00:61:51,Huawei
00:61:68,Nokia
00:62:EC,Cisco
00:64:40,Cisco
00:66:19,Huawei
00:66:4B,Huawei
00:68:2B,Huawei
00:6B:6F,Huawei
00:6B:F1,Cisco
00:6C:BC,Cisco
00:72:78,Cisco
00:76:86,Cisco
00:77:8D,Cisco
00:77:E4,Nokia
00:78:39,Nokia
00:78:88,Cisco
00:7E:95,Cisco
00:80:C8,D-Link
00:81:C4,Cisco
00:83:20,Huawei
00:87:31,Cisco
00:87:64,Cisco
00:89:C9,Extreme
00:8A:55,Huawei
00:8A:96,Cisco
00:8E:73,Cisco
00:90:0C,Cisco
00:90:21,Cisco
00:90:2B,Cisco
00:90:5F,Cisco
00:90:69,Juniper
00:90:6D,Cisco
00:90:6F,Cisco
00:90:86,Cisco
00:90:92,Cisco
00:90:A6,Cisco
00:90:AB,Cisco
00:90:B1,Cisco
00:90:BF,Cisco
00:90:D9,Cisco
00:90:F2,Cisco
00:94:EC,Huawei
00:99:1D,Huawei
00:9A:CD,Huawei
00:9A:D2,Cisco
00:9E:1E,Cisco
00:A0:C5,Zyxel
00:A2:89,Cisco
00:A2:EE,Cisco
00:A3:8E,Cisco
00:A3:D1,Cisco
00:A4:5F,Huawei
00:A5:BF,Cisco
00:A6:CA,Cisco
00:A7:42,Cisco
00:A9:1D,Huawei
00:AA:6E,Cisco
00:AD:24,D-Link
00:AD:D5,Huawei
00:AF:1F,Cisco
00:B0:4A,Cisco
00:B0:64,Cisco
00:B0:8E,Cisco
00:B0:C2,Cisco
00:B0:E1,Cisco
00:B1:E3,Cisco
00:B6:70,Cisco
00:B7:71,Cisco
00:B8:1D,Extreme
00:B8:B3,Cisco
00:BB:1C,Huawei
00:BC:60,Cisco
00:BD:3A,Nokia
00:BE:3B,Huawei
00:BE:75,Cisco
00:BF:77,Cisco
00:C1:64,Cisco
00:C1:B1,Cisco
00:C5:2C,Juniper
00:C8:8B,Cisco
00:CA:E5,Cisco
00:CC:05,Huawei
00:CC:34,Juniper
00:CC:FC,Cisco
00:D0:06,Cisco
00:D0:58,Cisco
00:D0:63,Cisco
00:D0:78,Eltex
00:D0:79,Cisco
00:D0:90,Cisco
00:D0:95,Nokia
00:D0:97,Cisco
00:D0:BA,Cisco
00:D0:BB,Cisco
00:D0:BC,Cisco
00:D0:C0,Cisco
00:D0:D3,Cisco
00:D0:E4,Cisco
00:D0:F6,Nokia
00:D0:FF,Cisco
00:D6:FE,Cisco
00:D7:8F,Cisco
00:D8:A2,Huawei
00:DA:55,Cisco
00:DC:B2,Extreme
00:DE:FB,Cisco
00:DF:1D,Cisco
00:E0:03,Nokia
00:E0:14,Cisco
00:E0:1E,Cisco
00:E0:2B,Extreme
00:E0:34,Cisco
00:E0:4F,Cisco
00:E0:8F,Cisco
00:E0:A3,Cisco
00:E0:B0,Cisco
00:E0:B1,Nokia
00:E0:DA,Nokia
00:E0:F7,Cisco
00:E0:F9,Cisco
00:E0:FC,Huawei
00:E0:FE,Cisco
00:E1:2F,Huawei
00:E1:6D,Cisco
00:E4:06,Huawei
00:E6:0E,Extreme
00:EA:BD,Cisco
00:EB:D5,Cisco
00:EE:AB,Cisco
00:F2:8B,Cisco
00:F5:FD,Huawei
00:F6:63,Cisco
00:F7:AD,Huawei
00:F8:1C,Huawei
00:F8:2C,Cisco
00:F9:52,Huawei
00:FC:BA,Cisco
00:FD:22,Cisco
00:FE:C8,Cisco
04:02:1F,Huawei
04:0A:83,Nokia
04:0F:66,TP-Link
04:14:71,Huawei
04:18:92,Huawei
04:25:C5,Huawei
04:25:F0,Nokia
04:27:58,Huawei
04:2A:E2,Cisco
04:30:FA,Cisco
04:33:1F,Huawei
04:33:89,Huawei
04:3D:6E,Nokia
04:49:5D,Huawei
04:4A:6C,Huawei
04:4B:B1,Huawei
04:4F:4C,Huawei
04:55:B8,Huawei
04:56:65,Nokia
04:5A:95,Nokia
04:5C:6C,Juniper
04:5F:B9,Cisco
04:62:73,Cisco
04:63:D0,Huawei
04:69:8F,Juniper
04:6C:9D,Cisco
04:74:9E,Huawei
04:75:03,Huawei
04:76:B0,Cisco
04:79:70,Huawei
04:7A:AE,Huawei
04:80:1A,Huawei
04:88:5F,Huawei
04:8C:16,Huawei
04:8C:9A,Huawei
04:9F:CA,Huawei
04:A5:26,Nokia
04:A7:41,Cisco
04:A8:1C,Huawei
04:A8:2A,Nokia
04:B0:E7,Huawei
04:BA:1C,Huawei
04:BA:D6,D-Link
04:BD:70,Huawei
04:BD:97,Cisco
04:BE:58,Huawei
04:BF:6D,Zyxel
04:C0:6F,Huawei
04:C1:D8,Huawei
04:C2:41,Nokia
04:C5:A4,Cisco
04:C8:45,TP-Link
04:CA:ED,Huawei
04:CC:BC,Huawei
04:D3:B5,Huawei
04:DA:D2,Cisco
04:E3:87,Cisco
04:E7:95,Huawei
04:EB:40,Cisco
04:F0:3E,Huawei
04:F1:69,Huawei
04:F3:52,Huawei
04:F4:1C,MikroTik
04:F9:38,Huawei
04:F9:F8,TP-Link
04:FE:7F,Cisco
04:FE:8D,Huawei
04:FF:08,Huawei
08:02:05,Huawei
08:05:E2,Juniper
08:0F:E5,Cisco
08:16:E3,Huawei
08:17:35,Cisco
08:19:A6,Huawei
08:1A:FD,Huawei
08:1F:71,TP-Link
08:1F:F3,Cisco
08:23:C6,Huawei
08:26:97,Zyxel
08:27:6B,Huawei
08:2E:36,Huawei
08:2F:E9,Huawei
08:31:8B,Huawei
08:31:A4,Huawei
08:45:D1,Cisco
08:47:4C,Nokia
08:47:D0,Nokia
08:4F:0A,Huawei
08:4F:A9,Cisco
08:4F:F9,Cisco
08:51:04,Huawei
08:55:31,MikroTik
08:57:00,TP-Link
08:5A:11,D-Link
08:5C:1B,Huawei
08:63:61,Huawei
08:63:8A,Cisco
08:6E:9C,Huawei
08:70:73,Huawei
08:76:71,Juniper
08:79:8C,Huawei
08:7A:4C,Huawei
08:7B:87,Cisco
08:7C:43,Huawei
08:81:F4,Juniper
08:93:56,Huawei
08:94:EC,Huawei
08:96:AD,Cisco
08:97:07,Cisco
08:9B:B9,Nokia
08:9C:86,Nokia
08:9E:84,Huawei
08:A8:42,Huawei
08:B2:58,Juniper
08:B3:D6,Huawei
08:C0:21,Huawei
08:C0:6C,Huawei
08:C6:B3,QTECH
08:CC:68,Cisco
08:CC:A7,Cisco
08:D0:1E,Juniper
08:D0:9F,Cisco
08:D9:45,Huawei
08:DD:82,Huawei
08:E7:E5,Huawei
08:E8:4F,Huawei
08:EA:44,Extreme
08:EB:F6,Huawei
08:EC:F5,Cisco
08:F3:FB,Cisco
08:F4:58,Huawei
08:F4:F0,Cisco
08:FA:28,Huawei
08:FD:58,Huawei
0C:07:F3,Huawei
0C:0E:76,D-Link
0C:0E:CB,Huawei
0C:11:67,Cisco
0C:17:73,Huawei
0C:18:4E,Huawei
0C:23:8D,Huawei
0C:26:43,Cisco
0C:27:24,Cisco
0C:2C:54,Huawei
0C:2E:57,Huawei
0C:31:DC,Huawei
0C:35:4F,Nokia
0C:36:23,Nokia
0C:37:DC,Huawei
0C:41:E9,Huawei
0C:45:BA,Huawei
0C:4B:48,Nokia
0C:4B:54,TP-Link
0C:4F:9B,Huawei
0C:54:B9,Nokia
0C:59:9C,Juniper
0C:67:43,Huawei
0C:68:03,Cisco
0C:70:4A,Huawei
0C:72:2C,TP-Link
0C:75:BD,Cisco
0C:7C:28,Nokia
0C:80:63,TP-Link
0C:81:26,Juniper
0C:82:68,TP-Link
0C:83:06,Huawei
0C:83:9A,Huawei
0C:84:08,Huawei
0C:85:25,Cisco
0C:86:10,Juniper
0C:88:32,Nokia
0C:8B:A2,Huawei
0C:8F:FF,Huawei
0C:96:BF,Huawei
0C:9B:78,Extreme
0C:A4:02,Nokia
0C:AF:31,Cisco
0C:B5:27,Huawei
0C:B5:B3,Huawei
0C:B6:D2,D-Link
0C:B7:87,Huawei
0C:B7:8E,Huawei
0C:BE:F1,Huawei
0C:C6:6A,Nokia
0C:C6:CC,Huawei
0C:D0:F8,Cisco
0C:D5:D3,Cisco
0C:D6:BD,Huawei
0C:D9:96,Cisco
0C:DD:EF,Nokia
0C:E4:A0,Huawei
0C:E5:B5,Huawei
0C:E6:23,Huawei
0C:ED:71,Extreme
0C:EF:15,TP-Link
0C:F5:A4,Cisco
0C:FC:18,Huawei
10:01:77,Huawei
10:05:CA,Cisco
10:05:E1,Nokia
10:06:ED,Cisco
10:0D:8C,Huawei
10:0E:7E,Juniper
10:1B:54,Huawei
10:24:07,Huawei
10:27:F5,TP-Link
10:32:1D,Huawei
10:32:7E,Huawei
10:39:E9,Juniper
10:3B:54,Huawei
10:44:00,Huawei
10:47:38,Nokia
10:47:80,Huawei
10:49:0E,Huawei
10:51:72,Huawei
10:52:BD,Huawei
10:57:25,Cisco
10:5A:95,TP-Link
10:5D:DC,Huawei
10:62:EB,D-Link
10:67:A3,Huawei
10:71:00,Huawei
10:71:B3,Zyxel
10:7B:CE,Nokia
10:7B:EF,Zyxel
10:86:F4,Huawei
10:88:D3,Huawei
10:8A:7B,Nokia
10:8C:CF,Cisco
10:8F:FE,Huawei
10:94:EF,Huawei
10:96:C6,Cisco
10:98:26,Nokia
10:9D:7A,Huawei
10:A3:0F,Huawei
10:A4:DA,Huawei
10:A8:29,Cisco
10:B1:F8,Huawei
10:B3:C6,Cisco
10:B3:D5,Cisco
10:B3:D6,Cisco
10:BC:36,Huawei
10:BD:18,Cisco
10:BE:F5,D-Link
10:C1:72,Huawei
10:C3:AB,Huawei
10:C5:FA,Zyxel
10:C6:1F,Huawei
10:CD:54,Huawei
10:DA:49,Huawei
10:E3:76,Cisco
10:E6:76,Cisco
10:E8:78,Nokia
10:E9:53,Huawei
10:F3:11,Cisco
10:F9:20,Cisco
10:F9:EE,Nokia
10:FC:33,Huawei
10:FE:ED,TP-Link
14:03:38,Huawei
14:09:DC,Huawei
14:0F:42,Nokia
14:13:FB,Huawei
14:16:9D,Cisco
14:18:26,Nokia
14:19:23,Cisco
14:23:0A,Huawei
14:30:04,Huawei
14:33:75,Zyxel
14:36:05,Nokia
14:36:0E,Zyxel
14:3B:51,Huawei
14:3C:C3,Huawei
14:3E:60,Nokia
14:46:58,Huawei
14:49:20,Huawei
14:49:C5,Huawei
14:51:20,Huawei
14:55:94,Huawei
14:55:B9,Nokia
14:56:3A,Huawei
14:57:9F,Huawei
14:5E:BC,Huawei
14:5F:94,Huawei
14:65:6A,Huawei
14:75:90,TP-Link
14:77:40,Huawei
14:7B:AC,Nokia
14:84:73,Cisco
14:86:92,TP-Link
14:89:CB,Huawei
14:8C:4A,Huawei
14:9A:A3,Huawei
14:9D:09,Huawei
14:A0:F8,Huawei
14:A2:A0,Cisco
14:A3:2F,Huawei
14:A3:B4,Huawei
14:A5:1A,Huawei
14:AB:02,Huawei
14:B3:A1,Juniper
14:B9:03,Huawei
14:B9:68,Huawei
14:BC:68,Cisco
14:C1:26,Nokia
14:C7:C4,Zyxel
14:CC:20,TP-Link
14:CF:92,TP-Link
14:D1:1F,Huawei
14:D1:69,Huawei
14:D1:D4,Huawei
14:D6:4D,D-Link
14:D8:64,TP-Link
14:DA:B9,Huawei
14:DE:39,Huawei
14:E2:2A,Cisco
14:E6:E4,TP-Link
14:EB:08,Huawei
14:EB:B6,TP-Link
14:FB:70,Huawei
18:02:2D,Huawei
18:0B:D0,Huawei
18:0F:76,D-Link
18:14:56,Nokia
18:14:AE,Nokia
18:2A:57,Huawei
18:2A:D3,Juniper
18:33:86,Huawei
18:33:9D,Cisco
18:3C:B7,Huawei
18:3D:5E,Huawei
18:49:F8,Extreme
18:4A:6F,Nokia
18:53:45,Nokia
18:56:44,Huawei
18:59:F5,Cisco
18:5B:00,Nokia
18:69:45,TP-Link
18:70:3B,Huawei
18:80:90,Cisco
18:80:F5,Nokia
18:86:AC,Nokia
18:86:C3,Nokia
18:8B:45,Cisco
18:8B:9D,Cisco
18:9C:5D,Cisco
18:9C:E1,Arista
18:9E:2C,Huawei
18:A6:F7,TP-Link
18:AA:0F,Huawei
18:B6:57,Huawei
18:BB:1C,Huawei
18:BB:41,Huawei
18:C0:07,Huawei
18:C3:00,Nokia
18:C5:8A,Huawei
18:CF:24,Huawei
18:D2:76,Huawei
18:D6:C7,TP-Link
18:D6:DD,Huawei
18:D9:8F,Huawei
18:DE:D7,Huawei
18:E2:15,Nokia
18:E7:28,Cisco
18:E9:1D,Huawei
18:EF:63,Cisco
18:F2:2C,TP-Link
18:F9:35,Cisco
18:FD:74,MikroTik
1C:0E:AF,Huawei
1C:13:86,Huawei
1C:13:FA,Huawei
1C:15:1F,Huawei
1C:17:D3,Cisco
1C:1D:67,Huawei
1C:1D:86,Cisco
1C:1F:F1,Huawei
1C:20:DB,Huawei
1C:22:26,Cisco
1C:2A:8B,Nokia
1C:2D:60,Extreme
1C:32:AC,Huawei
1C:3B:F3,TP-Link
1C:3C:D4,Huawei
1C:3D:2F,Huawei
1C:42:C2,Huawei
1C:43:63,Huawei
1C:44:19,TP-Link
1C:47:2F,Huawei
1C:59:9B,Huawei
1C:5F:2B,D-Link
1C:61:B4,TP-Link
1C:62:7E,Huawei
1C:67:58,Huawei
1C:6A:7A,Cisco
1C:70:55,Huawei
1C:73:E2,Huawei
1C:74:0D,Zyxel
1C:7E:E5,D-Link
1C:7F:2C,Huawei
1C:84:A6,Cisco
1C:8C:6E,Arista
1C:8E:5C,Huawei
1C:98:4B,Extreme
1C:99:DB,Huawei
1C:9C:8C,Juniper
1C:A6:81,Huawei
1C:AA:07,Cisco
1C:AE:CB,Huawei
1C:AF:F7,D-Link
1C:B4:6C,Huawei
1C:B7:96,Huawei
1C:BD:B9,D-Link
1C:D1:E0,Cisco
1C:D2:1E,Juniper
1C:DE:A7,Cisco
1C:DF:0F,Cisco
1C:E5:04,Huawei
1C:E6:39,Huawei
1C:E6:AD,Huawei
1C:E6:C7,Cisco
1C:E8:5D,Cisco
1C:EA:1B,Nokia
1C:F4:2B,Huawei
1C:FA:68,TP-Link
1C:FC:17,Cisco
1C:FC:2A,Huawei
1C:FF:AD,Huawei
20:08:ED,Huawei
20:0B:C5,Cisco
20:0B:C7,Huawei
20:14:C4,Huawei
20:1B:C9,Juniper
20:1E:1D,Huawei
20:23:51,TP-Link
20:28:3E,Huawei
20:2B:C1,Huawei
20:36:26,TP-Link
20:37:06,Cisco
20:3A:07,Cisco
20:3D:B2,Huawei
20:4C:9E,Cisco
20:4E:71,Juniper
20:53:83,Huawei
20:54:FA,Huawei
20:5E:64,Huawei
20:5E:97,Nokia
20:65:8E,Huawei
20:6B:E7,TP-Link
20:6B:F4,Huawei
20:6C:8A,Extreme
20:78:52,Nokia
20:87:EC,Huawei
20:8C:86,Huawei
20:93:39,Juniper
20:9B:DD,Huawei
20:9E:F7,Extreme
20:A2:00,Huawei
20:A6:80,Huawei
20:A7:66,Huawei
20:A8:BF,Huawei
20:AB:48,Huawei
20:AE:B6,Huawei
20:BB:C0,Cisco
20:C2:B0,Huawei
20:CC:27,Cisco
20:CF:AE,Cisco
20:D6:07,Nokia
20:D8:0B,Juniper
20:DA:22,Huawei
20:DB:EA,Cisco
20:DC:E6,TP-Link
20:DC:FD,Huawei
20:DE:1E,Nokia
20:DF:73,Huawei
20:E0:9C,Nokia
20:E1:5D,TP-Link
20:E5:25,Huawei
20:ED:47,Juniper
20:F1:20,Cisco
20:F1:7C,Huawei
20:F3:A3,Huawei
20:F4:4F,Nokia
24:00:BA,Huawei
24:01:6F,Huawei
24:01:C7,Cisco
24:09:95,Huawei
24:15:51,Huawei
24:16:1B,Cisco
24:16:6D,Huawei
24:16:9D,Cisco
24:1A:E6,Huawei
24:1F:A0,Huawei
24:1F:BD,Extreme
24:21:24,Nokia
24:26:D6,Huawei
24:27:E5,Huawei
24:29:B0,Huawei
24:2A:04,Cisco
24:2E:02,Huawei
24:2F:D0,TP-Link
24:30:F8,Huawei
24:31:54,Huawei
24:36:DA,Cisco
24:3F:AA,Huawei
24:44:27,Huawei
24:45:6B,Huawei
24:46:E4,Huawei
24:48:85,Huawei
24:4B:F1,Huawei
24:4C:07,Huawei
24:5A:5F,TP-Link
24:5C:C5,Huawei
24:5D:92,Juniper
24:5F:9F,Huawei
24:60:78,Huawei
24:62:C6,Huawei
24:64:9F,Huawei
24:69:68,TP-Link
24:69:A5,Huawei
24:6C:60,Huawei
24:6C:84,Cisco
24:6F:8C,Huawei
24:71:21,Cisco
24:76:45,Huawei
24:78:EF,Nokia
24:7E:12,Cisco
24:7F:3C,Huawei
24:81:3B,Cisco
24:81:85,Extreme
24:81:C7,Huawei
24:91:BB,Huawei
24:97:45,Huawei
24:9E:AB,Huawei
24:A4:87,Huawei
24:A5:2C,Huawei
24:A7:99,Huawei
24:AF:4A,Nokia
24:B6:57,Cisco
24:BA:23,Cisco
24:BC:F8,Huawei
24:D5:E4,Cisco
24:D7:9C,Cisco
24:DA:33,Huawei
24:DB:94,Juniper
24:DB:AC,Huawei
24:DE:8A,Nokia
24:DE:EB,Huawei
24:DF:6A,Huawei
24:E2:9D,Huawei
24:E9:B3,Cisco
24:E9:CA,Huawei
24:EB:ED,Huawei
24:F6:03,Huawei
24:F6:8D,Nokia
24:FB:65,Huawei
24:FC:4E,Juniper
28:10:7B,D-Link
28:11:EC,Huawei
28:17:09,Huawei
28:1D:FB,Huawei
28:22:1E,Huawei
28:28:5D,Zyxel
28:2B:96,Huawei
28:2C:B2,TP-Link
28:2C:C4,Huawei
28:31:52,Huawei
28:31:F8,Huawei
28:33:34,Huawei
28:34:A2,Cisco
28:35:3A,Huawei
28:36:F0,Huawei
28:3B:82,D-Link
28:3C:E4,Huawei
28:41:C6,Huawei
28:41:EC,Huawei
28:45:AC,Huawei
28:47:AA,Nokia
28:48:E7,Huawei
28:4E:44,Huawei
28:52:61,Cisco
28:53:4E,Huawei
28:54:71,Huawei
28:5F:DB,Huawei
28:64:B0,Huawei
28:68:D2,Huawei
28:6B:5C,Cisco
28:6E:D4,Huawei
28:6F:7F,Cisco
28:6F:B9,Nokia
28:74:F5,Nokia
28:7A:B4,Huawei
28:80:8A,Huawei
28:87:BA,TP-Link
28:8A:1C,Juniper
28:91:04,TP-Link
28:93:FE,Cisco
28:94:0F,Cisco
28:96:B0,Huawei
28:99:3A,Arista
28:9E:97,Huawei
28:A2:4B,Juniper
28:A6:DB,Huawei
28:AC:9E,Cisco
28:AF:FD,Cisco
28:B4:48,Huawei
28:B5:91,Cisco
28:B8:29,Juniper
28:C0:39,Huawei
28:C0:DA,Juniper
28:C7:CE,Cisco
28:D1:AF,Nokia
28:D3:EA,Huawei
28:D6:EC,Huawei
28:DC:C3,Huawei
28:DE:E5,Huawei
28:E3:4E,Huawei
28:E5:B0,Huawei
28:E7:1D,Arista
28:EE:52,TP-Link
28:FB:AE,Huawei
2C:01:B5,Cisco
2C:07:86,Huawei
2C:08:B4,Huawei
2C:0B:AB,Huawei
2C:0B:E9,Cisco
2C:0D:27,Huawei
2C:15:D9,Huawei
2C:1A:01,Huawei
2C:1A:05,Cisco
2C:20:80,Huawei
2C:21:31,Juniper
2C:21:72,Juniper
2C:27:68,Huawei
2C:31:24,Cisco
2C:33:11,Cisco
2C:36:F2,Huawei
2C:36:F8,Cisco
2C:3A:91,Huawei
2C:3A:B1,Huawei
2C:3E:CF,Cisco
2C:3F:38,Cisco
2C:4C:15,Juniper
2C:4F:52,Cisco
2C:52:AF,Huawei
2C:54:2D,Cisco
2C:55:D3,Huawei
2C:57:41,Cisco
2C:58:E8,Huawei
2C:5A:05,Nokia
2C:5A:0F,Cisco
2C:63:A1,Huawei
2C:65:8D,Cisco
2C:69:3E,Huawei
2C:6B:F5,Juniper
2C:6F:37,Nokia
2C:73:A0,Cisco
2C:78:0E,Huawei
2C:79:BE,TP-Link
2C:86:D2,Cisco
2C:94:52,Huawei
2C:97:B1,Huawei
2C:9D:1E,Huawei
2C:A0:42,Huawei
2C:A7:97,Huawei
2C:A7:9E,Huawei
2C:AB:00,Huawei
2C:AB:EB,Cisco
2C:B6:8F,Huawei
2C:B7:A1,Huawei
2C:C1:F4,Nokia
2C:C5:46,Huawei
2C:C8:1B,MikroTik
2C:C8:F5,Huawei
2C:CC:15,Nokia
2C:CF:58,Huawei
2C:D0:2D,Cisco
2C:D2:E7,Nokia
2C:DD:E9,Arista
2C:E2:D9,Huawei
2C:E3:8E,Cisco
2C:EC:A6,Huawei
2C:ED:89,Huawei
2C:ED:B0,Huawei
2C:F2:95,Huawei
2C:F8:14,Cisco
2C:F8:9B,Cisco
2C:FA:A2,Nokia
30:00:FC,Nokia
30:01:AF,Cisco
30:15:77,Zyxel
30:19:84,Huawei
30:23:64,Nokia
30:29:4B,Huawei
30:35:C5,Huawei
30:37:A6,Cisco
30:37:B3,Huawei
30:38:55,Nokia
30:45:96,Huawei
30:49:9E,Huawei
30:4E:1B,Huawei
30:61:A2,Huawei
30:63:EA,Juniper
30:66:D0,Huawei
30:68:93,TP-Link
30:74:96,Huawei
30:7A:05,Huawei
30:7C:4A,Huawei
30:7C:5E,Juniper
30:86:2D,Arista
30:87:30,Huawei
30:89:A6,Huawei
30:8A:F7,Huawei
30:8B:B2,Cisco
30:8D:D4,Huawei
30:8E:CF,Huawei
30:96:10,Huawei
30:96:3B,Huawei
30:9E:62,Huawei
30:A1:FA,Huawei
30:A2:C2,Huawei
30:A3:0F,Huawei
30:A9:98,Huawei
30:AA:E4,Huawei
30:B4:9E,TP-Link
30:B5:C2,TP-Link
30:B6:4F,Juniper
30:BD:13,Zyxel
30:C5:0F,Huawei
30:D1:7E,Huawei
30:D4:E2,Huawei
30:DE:4B,TP-Link
30:E3:96,Huawei
30:E4:D8,Huawei
30:E4:DB,Cisco
30:E9:8E,Huawei
30:EB:15,Huawei
30:F3:35,Huawei
30:F7:0D,Cisco
30:F8:56,Extreme
30:FB:B8,Huawei
30:FC:68,TP-Link
30:FD:65,Huawei
30:FE:31,Nokia
30:FE:FA,Cisco
30:FF:FD,Huawei
34:00:A3,Huawei
34:02:9C,D-Link
34:08:04,D-Link
34:0A:33,D-Link
34:0A:98,Huawei
34:10:D0,Huawei
34:12:F9,Huawei
34:1B:2D,Cisco
34:1E:6B,Huawei
34:26:01,Huawei
34:28:65,Juniper
34:29:12,Huawei
34:2E:B6,Huawei
34:36:38,Huawei
34:3D:A9,Huawei
34:46:EC,Huawei
34:4E:E2,Huawei
34:51:84,Huawei
34:54:EF,Cisco
34:58:40,Huawei
34:58:8A,Cisco
34:5D:A8,Cisco
34:60:F9,TP-Link
34:62:88,Cisco
34:66:79,Huawei
34:6A:C2,Huawei
34:6B:D3,Huawei
34:6E:68,Huawei
34:6F:90,Cisco
34:70:69,Cisco
34:71:46,Huawei
34:73:2D,Cisco
34:79:16,Huawei
34:7E:00,Huawei
34:7E:39,Nokia
34:83:D5,Huawei
34:85:84,Extreme
34:88:18,Cisco
34:8A:3B,Huawei
34:93:6F,Juniper
34:96:71,Huawei
34:96:72,TP-Link
34:A1:37,Huawei
34:A2:A2,Huawei
34:A8:4E,Cisco
34:A8:A0,Huawei
34:AA:99,Nokia
34:B2:0A,Huawei
34:B3:54,Huawei
34:B8:83,Cisco
34:BD:C8,Cisco
34:C3:FD,Cisco
34:C8:03,Nokia
34:CD:BE,Huawei
34:CE:69,Nokia
34:D6:93,Huawei
34:DB:FD,Cisco
34:E8:94,TP-Link
34:ED:1B,Cisco
34:EF:D7,Huawei
34:F5:D7,Huawei
34:F7:16,TP-Link
34:F8:E7,Cisco
34:FF:F3,Huawei
38:0E:4D,Cisco
38:0F:AD,Huawei
38:19:2F,Nokia
38:1C:1A,Cisco
38:20:28,Huawei
38:20:56,Cisco
38:22:F4,Huawei
38:2C:DB,Arista
38:32:7A,MikroTik
38:37:8B,Huawei
38:38:A6,Arista
38:39:6C,Huawei
38:39:DD,Nokia
38:3F:E8,Huawei
38:47:BC,Huawei
38:4C:4F,Huawei
38:4D:D2,Huawei
38:4F:49,Juniper
38:52:1A,Nokia
38:52:47,Huawei
38:6D:ED,Juniper
38:6E:B2,Huawei
38:70:F2,Huawei
38:73:6E,Huawei
38:83:45,TP-Link
38:88:1E,Huawei
38:90:52,Huawei
38:90:A5,Cisco
38:91:B7,Cisco
38:98:E9,Huawei
38:A0:67,Nokia
38:A4:4B,Huawei
38:AA:09,Cisco
38:B3:F7,Huawei
38:BC:01,Huawei
38:D0:9C,Huawei
38:EB:47,Huawei
38:ED:18,Cisco
38:F1:95,Huawei
38:F2:0D,Juniper
38:F7:F1,Huawei
38:F8:89,Huawei
38:FB:14,Huawei
38:FC:34,Huawei
38:FD:F8,Cisco
3C:05:8E,Huawei
3C:06:A7,TP-Link
3C:08:CD,Juniper
3C:08:F6,Cisco
3C:0E:23,Cisco
3C:13:BB,Huawei
3C:13:CC,Cisco
3C:15:5A,Nokia
3C:15:FB,Huawei
3C:18:9F,Nokia
3C:1A:65,Nokia
3C:1E:04,D-Link
3C:24:0A,Huawei
3C:25:D7,Nokia
3C:26:E4,Cisco
3C:30:6F,Huawei
3C:33:32,D-Link
3C:36:3D,Nokia
3C:36:6A,Huawei
3C:38:1F,Huawei
3C:41:0E,Cisco
3C:46:D8,TP-Link
3C:47:11,Huawei
3C:4A:C9,Huawei
3C:51:0E,Cisco
3C:52:A1,TP-Link
3C:54:47,Huawei
3C:57:31,Cisco
3C:59:C0,Huawei
3C:5E:C3,Cisco
3C:61:04,Juniper
3C:64:CF,TP-Link
3C:65:D1,Huawei
3C:67:8C,Huawei
3C:6A:48,TP-Link
3C:6A:D2,TP-Link
3C:77:87,Huawei
3C:78:43,Huawei
3C:78:95,TP-Link
3C:84:6A,TP-Link
3C:86:9A,Huawei
3C:8A:B0,Juniper
3C:8B:7F,Cisco
3C:8B:CD,Nokia
3C:8C:93,Juniper
3C:90:E0,Huawei
3C:93:F4,Huawei
3C:94:D5,Juniper
3C:9B:C6,Huawei
3C:9D:56,Huawei
3C:A1:61,Huawei
3C:A3:7E,Huawei
3C:A9:16,Huawei
3C:B2:33,Huawei
3C:B9:22,Huawei
3C:BD:69,Nokia
3C:C0:3E,Huawei
3C:C2:43,Nokia
3C:C5:C7,Huawei
3C:CD:5D,Huawei
3C:CE:73,Cisco
3C:DF:1E,Cisco
3C:DF:BD,Huawei
3C:E8:24,Huawei
3C:F6:92,Huawei
3C:F7:2A,Nokia
3C:F7:5D,Zyxel
3C:F8:08,Huawei
3C:FA:43,Huawei
3C:FA:80,Huawei
3C:FE:AC,Cisco
3C:FF:D8,Huawei
40:01:7A,Cisco
40:06:34,Huawei
40:06:D5,Cisco
40:0E:B9,Huawei
40:14:82,Cisco
40:14:AD,Huawei
40:16:9F,TP-Link
40:18:B1,Extreme
40:1C:D4,Huawei
40:24:D2,Huawei
40:26:41,Huawei
40:36:B7,Juniper
40:3B:7B,Huawei
40:3F:43,Extreme
40:3F:8C,TP-Link
40:41:0D,Huawei
40:42:44,Cisco
40:44:CE,Huawei
40:45:C4,Huawei
40:48:6E,Nokia
40:4A:03,Zyxel
40:4D:8E,Huawei
40:4F:42,Huawei
40:55:39,Cisco
40:55:82,Nokia
40:67:68,Huawei
40:6F:27,Huawei
40:71:83,Juniper
40:76:A9,Huawei
40:7A:80,Nokia
40:7C:7D,Nokia
40:7D:0F,Huawei
40:7F:5F,Juniper
40:86:CB,D-Link
40:88:2F,Extreme
40:8E:DF,Huawei
40:8F:9D,Juniper
40:95:95,TP-Link
40:9B:21,Nokia
40:9B:CD,D-Link
40:9E:A4,Juniper
40:A5:3B,Nokia
40:A6:54,Huawei
40:A6:77,Juniper
40:A6:E8,Cisco
40:AE:30,TP-Link
40:B1:5C,Huawei
40:B2:15,Extreme
40:B4:F0,Juniper
40:B5:C1,Cisco
40:B6:E7,Huawei
40:B7:0E,Huawei
40:C3:BC,Huawei
40:CB:A8,Huawei
40:CE:24,Cisco
40:DC:A5,Huawei
40:DE:AD,Juniper
40:E1:E4,Nokia
40:E3:17,Extreme
40:EB:21,Huawei
40:ED:00,TP-Link
40:EE:DD,Huawei
40:F0:78,Cisco
40:F4:9F,Cisco
40:F4:EC,Cisco
44:00:4D,Huawei
44:03:A7,Cisco
44:05:B8,Huawei
44:09:C6,Huawei
44:0C:4B,Huawei
44:1A:5C,Cisco
44:22:7C,Huawei
44:27:2E,Huawei
44:2B:03,Cisco
44:2D:49,Extreme
44:30:3F,Huawei
44:32:1D,Huawei
44:4C:A8,Arista
44:55:B1,Huawei
44:55:C4,Huawei
44:59:E3,Huawei
44:5E:82,Zyxel
44:63:C2,Zyxel
44:64:3C,Cisco
44:66:90,TP-Link
44:67:47,Huawei
44:6A:2E,Huawei
44:6E:E5,Huawei
44:76:54,Huawei
44:78:31,Huawei
44:82:E5,Huawei
44:88:16,Cisco
44:8D:D5,Cisco
44:9B:C1,Huawei
44:9F:46,Huawei
44:A0:38,Huawei
44:A1:91,Huawei
44:AA:50,Juniper
44:AD:D9,Cisco
44:AE:25,Cisco
44:AE:44,Huawei
44:B3:2D,TP-Link
44:B3:C5,Huawei
44:B6:BE,Cisco
44:BE:0B,Huawei
44:C2:0C,Cisco
44:C3:46,Huawei
44:C3:B6,Huawei
44:C5:32,Huawei
44:C7:FC,Huawei
44:CE:1D,Nokia
44:D3:CA,Cisco
44:D7:91,Huawei
44:DB:BE,Huawei
44:E4:D9,Cisco
44:E4:E6,Extreme
44:E5:9B,Huawei
44:E9:68,Huawei
44:EC:CE,Juniper
44:F4:77,Juniper
48:00:31,Huawei
48:00:B3,Cisco
48:02:34,Huawei
48:05:E2,Huawei
48:0E:EC,TP-Link
48:12:58,Huawei
48:12:8F,Huawei
48:1B:A4,Cisco
48:22:54,TP-Link
48:25:F3,Huawei
48:27:C5,Huawei
48:2C:D0,Huawei
48:2E:72,Cisco
48:2F:D7,Huawei
48:31:DB,Huawei
48:35:84,Huawei
48:38:71,Huawei
48:3C:0C,Huawei
48:3F:E9,Huawei
48:41:7B,Nokia
48:43:5A,Huawei
48:46:FB,Huawei
48:47:4B,Huawei
48:49:82,Huawei
48:49:96,Huawei
48:4C:29,Huawei
48:4C:86,Huawei
48:57:02,Huawei
48:5A:0D,Juniper
48:5F:08,TP-Link
48:62:76,Huawei
48:63:45,Huawei
48:70:6F,Huawei
48:73:10,Juniper
48:74:10,Cisco
48:7B:6B,Huawei
48:7D:2E,TP-Link
48:80:02,Cisco
48:82:DF,Huawei
48:8B:0A,Cisco
48:8C:63,Huawei
48:8E:EF,Huawei
48:8F:5A,MikroTik
48:91:D5,Cisco
48:9B:D5,Extreme
48:A1:70,Cisco
48:A5:16,Huawei
48:A9:8A,MikroTik
48:AD:08,Huawei
48:B2:5D,Huawei
48:BD:4A,Huawei
48:C3:81,TP-Link
48:CD:D3,Huawei
48:CF:A9,Huawei
48:D5:39,Huawei
48:DB:50,Huawei
48:DC:2D,Huawei
48:DC:FB,Nokia
48:EC:5B,Nokia
48:ED:E6,Zyxel
48:EE:0C,D-Link
48:EF:61,Huawei
48:F7:BC,Huawei
48:F7:F1,Nokia
48:F8:DB,Huawei
48:F8:E1,Nokia
48:FC:07,Huawei
48:FD:8E,Huawei
4C:00:82,Cisco
4C:01:F7,Cisco
4C:09:97,Arista
4C:0A:4E,Extreme
4C:10:D5,TP-Link
4C:16:FC,Juniper
4C:1F:CC,Huawei
4C:21:13,Nokia
4C:23:1A,Extreme
4C:25:78,Nokia
4C:2B:3B,Huawei
4C:2F:D7,Huawei
4C:3C:E2,Huawei
4C:42:1E,Cisco
4C:4A:B4,Juniper
4C:4E:35,Cisco
4C:50:77,Huawei
4C:54:99,Huawei
4C:5D:3C,Cisco
4C:5E:0C,MikroTik
4C:5F:D2,Nokia
4C:61:7E,Huawei
4C:62:CD,Nokia
4C:63:AD,Huawei
4C:6D:58,Juniper
4C:71:0C,Cisco
4C:71:0D,Cisco
4C:73:4F,Juniper
4C:77:6D,Cisco
4C:7A:88,Cisco
4C:7F:62,Nokia
4C:88:9E,Huawei
4C:8B:EF,Huawei
4C:8D:53,Huawei
4C:96:14,Juniper
4C:9E:FF,Zyxel
4C:A6:4D,Cisco
4C:AE:13,Huawei
4C:B0:87,Huawei
4C:B1:6C,Huawei
4C:BC:48,Cisco
4C:C5:3E,Zyxel
4C:C9:4F,Nokia
4C:CA:95,Huawei
4C:D0:CB,Huawei
4C:D0:DD,Huawei
4C:D0:F9,Cisco
4C:D1:A1,Huawei
4C:D6:29,Huawei
4C:DE:48,Huawei
4C:E1:75,Cisco
4C:E1:76,Cisco
4C:E6:5E,Huawei
4C:EC:0F,Cisco
4C:F4:75,Huawei
4C:F5:5B,Huawei
4C:F9:5D,Huawei
4C:FB:45,Huawei
50:00:E0,Cisco
50:01:6B,Huawei
50:01:D9,Huawei
50:02:38,Nokia
50:04:B8,Huawei
50:06:04,Cisco
50:06:AB,Cisco
50:0A:9C,Extreme
50:0B:23,Huawei
50:0B:26,Huawei
50:0F:80,Cisco
50:14:C1,Huawei
50:17:FF,Cisco
50:1C:B0,Cisco
50:1C:BF,Cisco
50:1D:93,Huawei
50:21:EC,Huawei
50:28:73,Huawei
50:2D:1D,Nokia
50:2F:A8,Cisco
50:3D:7F,Nokia
50:3D:D1,TP-Link
50:3D:E5,Cisco
50:3E:AA,TP-Link
50:3F:50,Huawei
50:40:61,Nokia
50:41:72,Huawei
50:46:4A,Huawei
50:49:21,Cisco
50:4B:9E,Huawei
50:52:3B,Nokia
50:57:A8,Cisco
50:58:6F,Huawei
50:5C:88,Cisco
50:5D:AC,Huawei
50:61:BF,Cisco
50:63:82,Huawei
50:63:91,Huawei
50:66:E5,Huawei
50:67:AE,Cisco
50:67:F0,Zyxel
50:68:0A,Huawei
50:68:AC,Huawei
50:6F:77,Huawei
50:71:64,Cisco
50:78:B0,Huawei
50:87:89,Cisco
50:89:D1,Huawei
50:8A:7F,Huawei
50:8D:62,Huawei
50:8D:9E,Huawei
50:91:E3,TP-Link
50:93:CE,Huawei
50:95:46,Huawei
50:9A:88,Huawei
50:9F:27,Huawei
50:A0:A4,Nokia
50:A1:F3,Huawei
50:A7:2B,Huawei
50:AC:B9,Huawei
50:BD:5F,TP-Link
50:C5:8D,Juniper
50:C7:09,Juniper
50:C7:BF,TP-Link
50:D4:F7,TP-Link
50:E0:39,Zyxel
50:E0:EF,Nokia
50:F7:22,Cisco
50:F7:ED,Huawei
50:F9:58,Huawei
50:FA:84,TP-Link
54:02:95,Huawei
54:07:64,Huawei
54:0D:F9,Huawei
54:0F:2C,Arista
54:10:2E,Huawei
54:12:CB,Huawei
54:13:10,Huawei
54:1E:56,Juniper
54:21:1D,Huawei
54:22:59,Huawei
54:25:EA,Huawei
54:26:18,Huawei
54:2F:2B,Huawei
54:34:EF,Huawei
54:39:DF,Huawei
54:44:08,Nokia
54:44:3B,Huawei
54:4A:00,Cisco
54:4B:8C,Juniper
54:51:1B,Huawei
54:51:DE,Cisco
54:52:84,Huawei
54:55:D5,Huawei
54:56:18,Huawei
54:59:25,Huawei
54:60:6D,Huawei
54:69:90,Huawei
54:71:DD,Huawei
54:73:5A,Huawei
54:75:95,TP-Link
54:75:D0,Cisco
54:78:1A,Cisco
54:79:75,Nokia
54:7C:69,Cisco
54:7F:EE,Cisco
54:83:3A,Zyxel
54:86:BC,Cisco
54:88:DE,Cisco
54:89:98,Huawei
54:8A:BA,Cisco
54:92:09,Huawei
54:9F:06,Nokia
54:9F:C6,Cisco
54:A2:74,Cisco
54:A5:1B,Huawei
54:A6:19,Nokia
54:A6:37,Huawei
54:A6:DB,Huawei
54:A7:03,TP-Link
54:AF:97,TP-Link
54:B1:21,Huawei
54:B8:0A,D-Link
54:BA:D6,Huawei
54:C4:80,Huawei
54:C8:0F,TP-Link
54:CF:8D,Huawei
54:D9:C6,Huawei
54:DD:21,Huawei
54:E0:32,Juniper
54:E1:5B,Huawei
54:E3:F6,Nokia
54:E6:FC,TP-Link
54:EF:43,Huawei
54:F2:94,Huawei
54:F6:07,Huawei
54:F6:E2,Huawei
54:FA:96,Nokia
58:00:BB,Juniper
58:04:4F,TP-Link
58:07:F8,Nokia
58:0A:20,Cisco
58:1F:28,Huawei
58:25:75,Huawei
58:2A:F7,Huawei
58:30:6E,Nokia
58:35:5D,Huawei
58:35:D9,Cisco
58:41:20,TP-Link
58:56:9F,Cisco
58:56:C2,Huawei
58:58:CD,Extreme
58:59:C2,Extreme
58:60:5F,Huawei
58:73:D1,Huawei
58:7F:66,Huawei
58:83:36,Huawei
58:86:70,Juniper
58:87:9F,Huawei
58:8B:1C,Cisco
58:8B:F3,Zyxel
58:8D:09,Cisco
58:93:51,Huawei
58:94:AE,Huawei
58:95:7E,Huawei
58:97:1E,Cisco
58:97:BD,Cisco
58:AC:78,Cisco
58:AE:2B,Huawei
58:AE:A8,Huawei
58:B1:8F,Huawei
58:BA:D4,Huawei
58:BC:27,Cisco
58:BE:72,Huawei
58:BF:EA,Cisco
58:D0:61,Huawei
58:D4:69,Arista
58:D5:6E,D-Link
58:D7:59,Huawei
58:D8:12,TP-Link
58:DF:59,Cisco
58:E4:34,Juniper
58:F2:FC,Huawei
58:F3:9C,Cisco
58:F8:D7,Huawei
58:F9:87,Huawei
58:FB:3E,Huawei
5C:03:39,Huawei
5C:07:A6,Huawei
5C:09:79,Huawei
5C:0B:3B,Huawei
5C:0E:8B,Extreme
5C:16:7D,Huawei
5C:16:C7,Arista
5C:17:20,Huawei
5C:31:92,Cisco
5C:39:77,Juniper
5C:3E:06,Cisco
5C:45:27,Juniper
5C:48:79,Huawei
5C:4C:A9,Huawei
5C:50:15,Cisco
5C:54:6D,Huawei
5C:57:C8,Nokia
5C:5A:C7,Cisco
5C:5E:AB,Juniper
5C:5E:BB,Huawei
5C:61:17,Huawei
5C:62:8B,TP-Link
5C:63:BF,TP-Link
5C:64:7A,Huawei
5C:64:8E,Zyxel
5C:64:F1,Cisco
5C:6A:80,Zyxel
5C:70:75,Huawei
5C:71:0D,Cisco
5C:76:D5,Nokia
5C:78:F8,Huawei
5C:7D:5E,Huawei
5C:83:82,Nokia
5C:83:8F,Cisco
5C:85:05,Huawei
5C:89:9A,TP-Link
5C:91:57,Huawei
5C:9A:A1,Huawei
5C:A4:8A,Cisco
5C:A6:2D,Cisco
5C:A6:4F,TP-Link
5C:A6:E6,TP-Link
5C:A8:6A,Huawei
5C:B0:0A,Huawei
5C:B1:2E,Cisco
5C:B3:95,Huawei
5C:B4:3E,Huawei
5C:BD:9A,Huawei
5C:C0:A0,Huawei
5C:C1:F2,Huawei
5C:C3:07,Huawei
5C:C7:87,Huawei
5C:D8:9E,Huawei
5C:D9:98,D-Link
5C:E1:76,Cisco
5C:E2:8C,Zyxel
5C:E7:47,Huawei
5C:E7:A0,Nokia
5C:E8:83,Huawei
5C:E9:31,TP-Link
5C:F4:AB,Zyxel
5C:F9:6A,Huawei
5C:FC:66,Cisco
60:01:B1,Huawei
60:08:10,Huawei
60:10:9E,Huawei
60:12:3C,Huawei
60:15:6F,TP-Link
60:18:3A,Huawei
60:1D:56,Extreme
60:1E:02,Eltex
60:1F:56,Huawei
60:26:AA,Cisco
60:29:2B,TP-Link
60:29:72,Arista
60:2D:74,Extreme
60:2E:20,Huawei
60:30:B3,Huawei
60:31:97,Zyxel
60:32:B1,TP-Link
60:3A:7C,TP-Link
60:3D:29,Huawei
60:4D:E1,Huawei
60:4F:5B,Huawei
60:53:55,Huawei
60:53:75,Huawei
60:56:B1,Huawei
60:5E:4F,Huawei
60:5F:AA,Huawei
60:62:9A,Juniper
60:63:4C,D-Link
60:6B:5B,Arista
60:73:5C,Cisco
60:79:C9,Huawei
60:7E:CD,Huawei
60:83:06,Huawei
60:83:34,Huawei
60:83:E7,TP-Link
60:8F:A4,Nokia
60:96:A4,Huawei
60:98:49,Nokia
60:9B:B4,Huawei
60:A2:C6,Huawei
60:A3:E3,TP-Link
60:A4:B7,TP-Link
60:A6:C5,Huawei
60:A7:51,Huawei
60:A8:FE,Nokia
60:A9:54,Cisco
60:AA:EF,Huawei
60:B0:E8,Huawei
60:B9:C0,Cisco
60:BD:83,Huawei
60:C7:8D,Juniper
60:C9:AA,Nokia
60:CE:41,Huawei
60:D1:78,Cisco
60:D7:55,Huawei
60:DE:44,Huawei
60:DE:94,Huawei
60:DE:F3,Huawei
60:E3:27,TP-Link
60:E7:01,Huawei
60:F1:8A,Huawei
60:FA:9D,Huawei
64:00:F1,Cisco
64:07:8C,Huawei
64:08:64,Cisco
64:12:25,Cisco
64:13:AB,Huawei
64:16:8D,Cisco
64:16:F0,Huawei
64:23:15,Huawei
64:27:53,Huawei
64:29:43,D-Link
64:29:FF,Huawei
64:2C:AC,Huawei
64:2E:41,Huawei
64:2F:1C,Huawei
64:3A:EA,Cisco
64:3E:0A,Huawei
64:3E:8C,Huawei
64:51:F4,Huawei
64:53:E0,Huawei
64:56:01,TP-Link
64:5E:10,Huawei
64:61:40,Huawei
64:64:9B,Juniper
64:66:B3,TP-Link
64:67:CD,Huawei
64:6D:4E,Huawei
64:6D:6C,Huawei
64:6E:97,TP-Link
64:70:02,TP-Link
64:79:24,Huawei
64:87:88,Juniper
64:8F:3E,Cisco
64:9E:F3,Cisco
64:A0:E7,Cisco
64:A1:98,Huawei
64:A2:8A,Huawei
64:A6:51,Huawei
64:AC:2B,Juniper
64:AE:0C,Cisco
64:B0:E8,Huawei
64:BC:43,Huawei
64:BF:6B,Huawei
64:C3:94,Huawei
64:C3:D6,Juniper
64:D1:54,MikroTik
64:D5:62,Huawei
64:D7:C0,Huawei
64:D8:14,Cisco
64:D9:89,Cisco
64:DB:F7,Nokia
64:DD:68,Zyxel
64:E9:50,Cisco
64:F6:9D,Cisco
64:F7:05,Huawei
64:F8:1C,Huawei
68:04:89,Cisco
68:13:24,Huawei
68:13:E2,Eltex
68:1B:EF,Huawei
68:1C:52,Cisco
68:22:8E,Juniper
68:22:E5,Huawei
68:2C:7B,Cisco
68:30:45,Huawei
68:3B:78,Cisco
68:45:71,Huawei
68:49:83,Huawei
68:4A:AE,Huawei
68:4C:25,Huawei
68:54:ED,Nokia
68:63:72,Huawei
68:71:61,Cisco
68:77:24,TP-Link
68:79:09,Cisco
68:7D:B4,Cisco
68:7F:F0,TP-Link
68:81:E0,Huawei
68:86:A7,Cisco
68:87:C6,Cisco
68:89:C1,Huawei
68:8B:F4,Arista
68:8F:84,Huawei
68:95:1B,Huawei
68:96:2E,Huawei
68:99:CD,Cisco
68:9B:43,Huawei
68:9C:E2,Cisco
68:9E:0B,Cisco
68:9E:6A,Huawei
68:A0:3E,Huawei
68:A0:F6,Huawei
68:A3:4F,Nokia
68:A4:6A,Huawei
68:A8:28,Huawei
68:AB:09,Nokia
68:B5:E3,Huawei
68:BC:0C,Cisco
68:BD:AB,Cisco
68:BF:6C,Arista
68:CA:E4,Cisco
68:CC:6E,Huawei
68:D9:27,Huawei
68:D9:72,Cisco
68:DD:B7,TP-Link
68:E2:09,Huawei
68:E5:9E,Cisco
68:ED:57,Juniper
68:EF:BD,Cisco
68:F3:8E,Juniper
68:F5:43,Huawei
68:FF:7B,TP-Link
6C:03:09,Cisco
6C:03:70,Extreme
6C:03:B5,Cisco
6C:04:7A,Huawei
6C:06:D6,Huawei
6C:0D:34,Nokia
6C:13:D5,Cisco
6C:14:6E,Huawei
6C:16:32,Huawei
6C:19:8F,D-Link
6C:1A:75,Huawei
6C:1D:2C,Huawei
6C:20:56,Cisco
6C:22:F7,Nokia
6C:26:36,Huawei
6C:29:D2,Cisco
6C:31:0E,Cisco
6C:34:91,Huawei
6C:3B:6B,MikroTik
6C:41:0E,Cisco
6C:41:6A,Cisco
6C:41:DE,Huawei
6C:44:2A,Huawei
6C:4C:BC,TP-Link
6C:4E:F6,Cisco
6C:4F:89,Zyxel
6C:4F:A1,Cisco
6C:50:4D,Cisco
6C:51:BF,Huawei
6C:51:E4,Huawei
6C:55:8D,Huawei
6C:5A:B0,TP-Link
6C:5E:3B,Cisco
6C:60:D0,Huawei
6C:62:86,Nokia
6C:62:FE,Juniper
6C:67:EF,Huawei
6C:6C:0F,Huawei
6C:6C:D3,Cisco
6C:71:0D,Cisco
6C:71:D2,Huawei
6C:72:20,D-Link
6C:76:37,Huawei
6C:77:F0,Huawei
6C:78:C1,Juniper
6C:7A:63,Arista
6C:7F:49,Huawei
6C:82:43,Huawei
6C:8B:D3,Cisco
6C:8D:77,Cisco
6C:91:88,Nokia
6C:92:F6,Arista
6C:99:89,Cisco
6C:9B:02,Nokia
6C:9C:ED,Cisco
6C:A7:80,Nokia
6C:AB:05,Cisco
6C:AE:E3,Nokia
6C:B1:58,TP-Link
6C:B2:AE,Cisco
6C:B4:FD,Huawei
6C:B7:49,Huawei
6C:B7:E2,Huawei
6C:BE:E9,Nokia
6C:D1:E5,Huawei
6C:D6:3F,Huawei
6C:D6:E3,Cisco
6C:D7:04,Huawei
6C:DD:30,Cisco
6C:E8:73,TP-Link
6C:E8:74,Huawei
6C:E9:07,Nokia
6C:EB:B6,Huawei
6C:F7:12,Nokia
6C:FA:89,Cisco
70:01:B5,Cisco
70:0B:4F,Cisco
70:0F:6A,Cisco
70:10:5C,Cisco
70:18:A7,Cisco
70:19:2F,Huawei
70:1F:53,Cisco
70:25:26,Nokia
70:2F:35,Huawei
70:35:09,Cisco
70:40:FF,Huawei
70:46:98,Huawei
70:49:A2,Zyxel
70:4E:6B,Huawei
70:4F:57,TP-Link
70:54:F5,Huawei
70:61:7B,Cisco
70:62:B8,D-Link
70:66:B9,Huawei
70:69:5A,Cisco
70:6B:B9,Cisco
70:6D:15,Cisco
70:6E:10,Huawei
70:6E:6D,Cisco
70:70:13,Huawei
70:70:8B,Cisco
70:70:D5,Huawei
70:72:3C,Huawei
70:73:62,Huawei
70:79:90,Huawei
70:79:B3,Cisco
70:7B:E8,Huawei
70:7C:E3,Huawei
70:7D:B9,Cisco
70:81:05,Cisco
70:8A:09,Huawei
70:8C:B6,Huawei
70:8D:09,Nokia
70:90:B7,Huawei
70:9A:C4,Huawei
70:9C:45,Huawei
70:A8:E3,Huawei
70:A9:83,Cisco
70:B3:17,Cisco
70:B5:1A,Huawei
70:BC:48,Cisco
70:BD:96,Cisco
70:C7:F2,Huawei
70:C9:C6,Cisco
70:CA:9B,Cisco
70:D3:13,Huawei
70:D3:79,Cisco
70:DA:48,Cisco
70:DB:98,Cisco
70:DD:EF,Huawei
70:DF:2F,Cisco
70:E4:22,Cisco
70:E9:97,Huawei
70:EA:1A,Cisco
70:EB:A5,Huawei
70:F0:96,Cisco
70:F3:5A,Cisco
70:FD:45,Huawei
74:00:E8,Huawei
74:05:A5,TP-Link
74:0A:E1,Huawei
74:0C:EE,Huawei
74:11:B2,Cisco
74:22:BB,Huawei
74:24:35,Huawei
74:26:AC,Cisco
74:28:69,Huawei
74:29:72,Juniper
74:34:2B,Huawei
74:39:89,TP-Link
74:3C:24,Huawei
74:45:2D,Huawei
74:4D:28,MikroTik
74:4D:6D,Huawei
74:50:CD,Huawei
74:59:09,Huawei
74:5A:AA,Huawei
74:60:FA,Huawei
74:63:C2,Huawei
74:67:F7,Extreme
74:70:69,Huawei
74:83:EF,Arista
74:86:0B,Cisco
74:87:2E,Huawei
74:88:2A,Huawei
74:88:BB,Cisco
74:8D:AA,Huawei
74:8F:C2,Cisco
74:9B:89,Huawei
74:9D:8F,Huawei
74:A0:2F,Cisco
74:A0:63,Huawei
74:A2:E6,Cisco
74:A5:28,Huawei
74:A9:81,Huawei
74:AD:98,Cisco
74:B7:25,Huawei
74:B8:A8,Huawei
74:C1:4F,Huawei
74:D2:1D,Huawei
74:D6:E5,Huawei
74:DA:88,TP-Link
74:DA:DA,D-Link
74:E2:E7,Cisco
74:E7:98,Juniper
74:E9:BF,Huawei
74:EA:3A,TP-Link
74:F9:0F,Huawei
74:FC:77,Huawei
74:FE:CE,TP-Link
78:02:B1,Cisco
78:03:4F,Nokia
78:04:E3,Huawei
78:06:C9,Huawei
78:07:8F,Huawei
78:08:4D,Huawei
78:0C:F0,Cisco
78:11:9D,Cisco
78:16:99,Huawei
78:17:35,Nokia
78:17:BE,Huawei
78:18:A8,Huawei
78:19:F7,Juniper
78:1D:BA,Huawei
78:1F:7C,Nokia
78:20:51,TP-Link
78:24:59,Nokia
78:24:BE,Cisco
78:25:99,Huawei
78:2B:60,Huawei
78:2D:AD,Huawei
78:2E:EF,Nokia
78:32:1B,D-Link
78:34:09,Huawei
78:34:86,Nokia
78:34:B4,Huawei
78:3E:A1,Nokia
78:44:FD,TP-Link
78:45:B3,Huawei
78:45:DC,Huawei
78:4F:9B,Juniper
78:50:7C,Juniper
78:54:2E,D-Link
78:57:73,Huawei
78:58:60,Huawei
78:5B:64,Huawei
78:5C:5E,Huawei
78:5F:6C,Arista
78:60:5B,TP-Link
78:62:56,Huawei
78:64:A0,Cisco
78:6A:89,Huawei
78:72:5D,Cisco
78:78:26,Huawei
78:7D:53,Extreme
78:83:71,Huawei
78:85:17,Cisco
78:85:F4,Huawei
78:8C:B5,TP-Link
78:92:3E,Nokia
78:96:6E,Huawei
78:96:A3,Extreme
78:98:E8,D-Link
78:9A:18,MikroTik
78:9F:AA,Huawei
78:A1:06,TP-Link
78:B4:6A,Huawei
78:B5:54,Huawei
78:B5:F2,Huawei
78:BA:F9,Cisco
78:BB:5C,Nokia
78:BC:1A,Cisco
78:C5:7D,Zyxel
78:C5:F8,Huawei
78:C8:84,Huawei
78:CA:04,Nokia
78:CF:2F,Huawei
78:CF:F9,Huawei
78:D7:52,Huawei
78:DA:6E,Cisco
78:DA:AF,Huawei
78:DC:87,Huawei
78:DD:33,Huawei
78:E2:2C,Huawei
78:EB:46,Huawei
78:F0:9B,Huawei
78:F1:C6,Cisco
78:F5:57,Huawei
78:F5:FD,Huawei
78:F9:B4,Nokia
78:FE:3D,Juniper
7C:00:4D,Huawei
7C:0C:FA,Huawei
7C:0E:CE,Cisco
7C:11:CB,Huawei
7C:16:2A,Huawei
7C:1A:C0,Huawei
7C:1B:93,Huawei
7C:1C:F1,Huawei
7C:20:64,Nokia
7C:21:0D,Cisco
7C:21:0E,Cisco
7C:25:86,Juniper
7C:31:0E,Cisco
7C:33:F9,Huawei
7C:36:26,Huawei
7C:39:85,Huawei
7C:3D:2B,Huawei
7C:3E:74,Huawei
7C:41:A2,Nokia
7C:60:97,Huawei
7C:62:E7,Cisco
7C:66:9A,Huawei
7C:68:B9,Huawei
7C:69:2B,Huawei
7C:69:F6,Cisco
7C:73:EB,Huawei
7C:76:68,Huawei
7C:77:16,Zyxel
7C:7D:3D,Huawei
7C:85:2F,Huawei
7C:85:30,Nokia
7C:87:67,Cisco
7C:89:31,Huawei
7C:8B:CA,TP-Link
7C:94:2A,Huawei
7C:95:B1,Extreme
7C:95:F3,Cisco
7C:97:E1,Huawei
7C:A1:77,Huawei
7C:A2:3E,Huawei
7C:A4:F7,Extreme
7C:AD:4F,Cisco
7C:AD:74,Cisco
7C:AF:77,Nokia
7C:B1:5D,Huawei
7C:B3:53,Cisco
7C:B5:9B,TP-Link
7C:B5:9F,Huawei
7C:C2:C6,TP-Link
7C:C3:85,Huawei
7C:C8:82,Huawei
7C:D3:E5,Huawei
7C:D9:A0,Huawei
7C:DC:73,Huawei
7C:E2:CA,Juniper
7C:E5:3F,Huawei
7C:F1:7E,TP-Link
7C:F8:80,Cisco
80:05:18,Huawei
80:13:82,Huawei
80:13:BE,Juniper
80:24:8F,Cisco
80:26:89,D-Link
80:27:6C,Cisco
80:2D:BF,Cisco
80:2E:C3,Huawei
80:2E:DE,Huawei
80:38:BC,Huawei
80:3C:04,TP-Link
80:3C:20,Huawei
80:41:26,Huawei
80:43:3F,Juniper
80:4D:CB,Huawei
80:50:1B,Nokia
80:54:D9,Huawei
80:60:36,Huawei
80:61:32,Cisco
80:69:33,Huawei
80:6A:00,Cisco
80:6F:1C,Huawei
80:71:1F,Juniper
80:71:7A,Huawei
80:72:64,Huawei
80:7D:14,Huawei
80:7F:F8,Juniper
80:89:17,TP-Link
80:8F:1D,TP-Link
80:95:62,Extreme
80:AB:4D,Nokia
80:AC:AC,Juniper
80:AE:54,TP-Link
80:B5:75,Huawei
80:B6:86,Huawei
80:B9:46,Nokia
80:CC:12,Huawei
80:CF:A2,Huawei
80:D0:9B,Huawei
80:D4:A5,Huawei
80:DA:CE,Huawei
80:DB:17,Juniper
80:E0:1D,Cisco
80:E1:BF,Huawei
80:E8:6F,Cisco
80:EA:07,TP-Link
80:EA:0B,Zyxel
80:F1:A4,Huawei
80:FB:06,Huawei
84:03:28,Juniper
84:0C:6D,Cisco
84:15:D3,Huawei
84:16:F9,TP-Link
84:18:88,Juniper
84:21:F1,Huawei
84:26:2B,Nokia
84:39:FC,Nokia
84:3C:FC,Huawei
84:3D:C6,Cisco
84:3E:92,Huawei
84:46:FE,Huawei
84:47:65,Huawei
84:50:29,Arista
84:50:75,Huawei
84:52:34,Juniper
84:54:DF,Huawei
84:5A:3E,Cisco
84:5B:12,Huawei
84:64:DD,Huawei
84:69:91,Nokia
84:6E:BC,Nokia
84:71:6A,Huawei
84:76:37,Huawei
84:78:AC,Cisco
84:7C:EE,Cisco
84:7D:7E,Cisco
84:80:2D,Cisco
84:8A:8D,Cisco
84:92:E5,Huawei
84:93:A0,Huawei
84:9F:B5,Huawei
84:A8:E4,Huawei
84:A9:C4,Huawei
84:AD:58,Huawei
84:B2:61,Cisco
84:B5:17,Cisco
84:B5:9C,Juniper
84:B8:02,Cisco
84:B8:90,TP-Link
84:BE:52,Huawei
84:C1:C1,Juniper
84:C9:B2,D-Link
84:CC:63,Huawei
84:D3:D5,Huawei
84:D7:DE,Huawei
84:D8:1B,TP-Link
84:DB:A4,Huawei
84:DB:AC,Huawei
84:DB:FC,Nokia
84:DD:84,Cisco
84:E9:86,Huawei
84:EB:EF,Cisco
84:EE:7F,Huawei
84:F1:47,Cisco
84:FE:40,Huawei
84:FF:C2,Cisco
88:0A:A3,Juniper
88:10:8F,Huawei
88:11:96,Huawei
88:15:66,Huawei
88:15:C5,Huawei
88:18:F1,Nokia
88:1D:FC,Cisco
88:25:93,TP-Link
88:28:B3,Huawei
88:28:FB,Juniper
88:30:37,Juniper
88:36:CF,Huawei
88:3C:93,Nokia
88:3F:27,Huawei
88:3F:D3,Huawei
88:40:33,Huawei
88:40:3B,Huawei
88:43:E1,Cisco
88:44:77,Huawei
88:44:F6,Nokia
88:4F:59,Cisco
88:53:D4,Huawei
88:5A:92,Cisco
88:5B:DD,Extreme
88:63:C5,Huawei
88:66:39,Huawei
88:67:DC,Huawei
88:69:3D,Huawei
88:6D:2D,Huawei
88:6E:EB,Huawei
88:74:77,Huawei
88:75:56,Cisco
88:76:B9,D-Link
88:7A:BC,Cisco
88:7E:25,Extreme
88:81:B9,Huawei
88:86:03,Huawei
88:89:2F,Huawei
88:8E:68,Huawei
88:8F:A4,Huawei
88:90:09,Juniper
88:90:8D,Cisco
88:99:86,TP-Link
88:9C:AD,Cisco
88:A0:BE,Huawei
88:A2:5E,Juniper
88:A2:D7,Huawei
88:AC:C0,Zyxel
88:B3:62,Nokia
88:B4:BE,Huawei
88:BC:C1,Huawei
88:BF:E4,Huawei
88:C2:27,Huawei
88:C6:E8,Huawei
88:CE:3F,Huawei
88:CE:FA,Huawei
88:CF:98,Huawei
88:D9:8F,Juniper
88:DA:04,Huawei
88:DD:B8,Huawei
88:E0:56,Huawei
88:E0:F3,Juniper
88:E3:AB,Huawei
88:E6:4B,Juniper
88:F0:31,Cisco
88:F0:77,Cisco
88:F3:D5,Zyxel
88:F5:6E,Huawei
88:F6:DC,Huawei
88:F7:15,Arista
88:F8:72,Huawei
88:FC:5D,Cisco
8C:01:9D,Arista
8C:05:72,Huawei
8C:0C:87,Nokia
8C:0D:76,Huawei
8C:0F:C9,Huawei
8C:14:2A,Cisco
8C:15:C7,Huawei
8C:17:B6,Huawei
8C:1E:80,Cisco
8C:21:0A,TP-Link
8C:21:14,Huawei
8C:25:05,Huawei
8C:34:46,Huawei
8C:34:FD,Huawei
8C:42:6D,Huawei
8C:44:A5,Cisco
8C:49:7A,Extreme
8C:59:73,Zyxel
8C:5A:C1,Huawei
8C:5E:BD,Huawei
8C:60:4F,Cisco
8C:68:3A,Huawei
8C:6B:DB,Huawei
8C:6D:77,Huawei
8C:7A:00,Nokia
8C:83:DF,Nokia
8C:83:E8,Huawei
8C:84:42,Cisco
8C:86:2A,Huawei
8C:86:DD,TP-Link
8C:8A:CD,Huawei
8C:90:2D,TP-Link
8C:90:D3,Nokia
8C:94:1F,Cisco
8C:94:61,Cisco
8C:A2:F5,Huawei
8C:A5:CF,Huawei
8C:A6:DF,TP-Link
8C:A9:6D,Huawei
8C:B5:0E,Cisco
8C:B6:4F,Cisco
8C:C9:E9,Huawei
8C:E5:EF,Huawei
8C:EB:C6,Huawei
8C:F7:73,Nokia
8C:FA:DD,Huawei
8C:FD:18,Huawei
90:01:17,Huawei
90:03:25,Huawei
90:06:DB,Huawei
90:16:BA,Huawei
90:17:3F,Huawei
90:17:AC,Huawei
90:17:C8,Huawei
90:1C:9E,Nokia
90:1F:94,TP-Link
90:25:F2,Huawei
90:2B:D2,Huawei
90:3A:A0,Nokia
90:3F:C3,Huawei
90:3F:EA,Huawei
90:4E:2B,Huawei
90:54:B7,Eltex
90:56:71,Cisco
90:5E:44,Huawei
90:64:AD,Huawei
90:67:1C,Huawei
90:67:B5,Nokia
90:74:F2,Huawei
90:75:BC,Nokia
90:77:EE,Cisco
90:80:8F,Huawei
90:88:55,Cisco
90:8A:80,Cisco
90:8D:78,D-Link
90:94:97,Huawei
90:94:E4,D-Link
90:95:07,Huawei
90:98:38,Huawei
90:9A:4A,TP-Link
90:9F:22,Zyxel
90:A5:7D,Huawei
90:A5:AF,Huawei
90:AE:1B,TP-Link
90:B8:32,Extreme
90:BA:09,Huawei
90:C1:19,Nokia
90:C9:7E,Huawei
90:CC:7A,Huawei
90:CF:15,Nokia
90:D2:0B,Nokia
90:D7:33,Huawei
90:E9:5E,Cisco
90:EB:50,Cisco
90:EC:E3,Nokia
90:EF:68,Zyxel
90:F0:4C,Nokia
90:F6:44,Huawei
90:F6:52,TP-Link
90:F9:70,Huawei
90:F9:B7,Huawei
94:00:70,Nokia
94:00:B0,Huawei
94:04:9C,Huawei
94:08:C7,Huawei
94:0B:19,Huawei
94:0C:6D,TP-Link
94:0D:4B,Cisco
94:0E:6B,Huawei
94:0E:E7,Huawei
94:15:B2,Huawei
94:17:87,Nokia
94:20:53,Nokia
94:24:53,Huawei
94:24:E1,Nokia
94:25:33,Huawei
94:26:1D,Huawei
94:33:D8,Cisco
94:35:89,Huawei
94:37:F7,Huawei
94:3A:F0,Nokia
94:40:F3,Huawei
94:46:67,Cisco
94:47:88,Huawei
94:49:F6,Huawei
94:4F:DB,Nokia
94:5A:EA,Huawei
94:5D:BF,Nokia
94:60:10,Huawei
94:77:2B,Huawei
94:7A:F4,Huawei
94:7D:77,Huawei
94:8E:D3,Arista
94:90:10,Huawei
94:9B:2C,Extreme
94:9C:BE,Huawei
94:A0:7D,Huawei
94:A2:5D,Huawei
94:A4:F9,Huawei
94:AA:07,Nokia
94:AB:FE,Nokia
94:AD:05,Huawei
94:AE:F0,Cisco
94:B2:71,Huawei
94:B8:19,Nokia
94:BF:94,Juniper
94:CE:0F,Huawei
94:CF:B0,Huawei
94:D0:0D,Huawei
94:D2:BC,Huawei
94:D4:69,Cisco
94:D5:4D,Huawei
94:D9:B3,TP-Link
94:DB:DA,Huawei
94:DF:34,Huawei
94:E3:00,Huawei
94:E4:BA,Huawei
94:E7:EA,Huawei
94:E7:F3,Huawei
94:E9:8C,Nokia
94:E9:EE,Huawei
94:EF:50,TP-Link
94:F7:AD,Juniper
94:FE:22,Huawei
98:03:8E,TP-Link
98:04:5F,Huawei
98:07:09,Huawei
98:0A:4B,Nokia
98:0D:51,Huawei
98:0D:67,Zyxel
98:1A:35,Huawei
98:24:7B,Huawei
98:25:4A,TP-Link
98:2A:FD,Huawei
98:2F:F8,Huawei
98:35:ED,Huawei
98:3F:60,Huawei
98:44:CE,Huawei
98:48:27,TP-Link
98:48:74,Huawei
98:49:25,Juniper
98:4B:06,Huawei
98:52:07,Huawei
98:53:5F,Huawei
98:5A:98,Huawei
98:5D:82,Arista
98:61:10,Huawei
98:75:1A,Huawei
98:7E:B5,Huawei
98:81:8A,Huawei
98:86:5D,Nokia
98:86:8B,Juniper
98:87:6C,Huawei
98:88:6C,Huawei
98:97:CC,TP-Link
98:9C:57,Huawei
98:9F:1E,Huawei
98:A2:C0,Cisco
98:A3:75,Huawei
98:AD:1D,Huawei
98:B0:39,Nokia
98:B3:EF,Huawei
98:BA:5F,TP-Link
98:C0:8A,Huawei
98:D3:D7,Huawei
98:D7:E1,Cisco
98:DA:C4,TP-Link
98:DE:D0,TP-Link
98:E7:F5,Huawei
98:F0:4C,Cisco
98:F0:83,Huawei
98:F3:F6,Huawei
9C:03:51,Huawei
9C:09:8B,Cisco
9C:09:CA,Huawei
9C:18:74,Nokia
9C:1D:36,Huawei
9C:21:6A,TP-Link
9C:28:EF,Huawei
9C:37:F4,Huawei
9C:38:18,Cisco
9C:47:82,TP-Link
9C:47:F4,Nokia
9C:49:29,Huawei
9C:4A:7B,Nokia
9C:4D:C2,Cisco
9C:4E:20,Cisco
9C:52:F8,Huawei
9C:53:22,TP-Link
9C:54:16,Cisco
9C:54:67,Nokia
9C:56:36,Huawei
9C:57:66,Huawei
9C:57:AD,Cisco
9C:5A:80,Juniper
9C:5D:12,Extreme
9C:61:D7,Huawei
9C:66:97,Cisco
9C:69:D1,Huawei
9C:69:ED,Arista
9C:71:3A,Huawei
9C:73:70,Huawei
9C:74:1A,Huawei
9C:74:6F,Huawei
9C:7D:A3,Huawei
9C:82:3F,Huawei
9C:8A:CB,Juniper
9C:8E:9C,Huawei
9C:95:67,Huawei
9C:97:74,Huawei
9C:97:93,Huawei
9C:9E:71,Huawei
9C:A2:F4,TP-Link
9C:A3:89,Nokia
9C:A6:15,TP-Link
9C:A9:B8,Cisco
9C:AF:CA,Cisco
9C:B2:B2,Huawei
9C:B2:E8,Huawei
9C:BF:CD,Huawei
9C:C1:72,Huawei
9C:C8:93,Juniper
9C:CA:D9,Nokia
9C:CC:83,Juniper
9C:D5:7D,Cisco
9C:D6:43,D-Link
9C:DB:AF,Huawei
9C:DC:99,Extreme
9C:DF:8A,Huawei
9C:E0:41,Nokia
9C:E1:76,Cisco
9C:E3:74,Huawei
9C:EC:61,Huawei
9C:F1:55,Nokia
9C:F9:A1,Juniper
A0:08:6F,Huawei
A0:0A:9A,Huawei
A0:0E:98,Huawei
A0:0F:37,Cisco
A0:1C:8D,Huawei
A0:23:9F,Cisco
A0:31:DB,Huawei
A0:33:4F,Cisco
A0:36:79,Huawei
A0:3D:6E,Cisco
A0:3D:6F,Cisco
A0:40:6F,Huawei
A0:41:47,Huawei
A0:42:D1,Huawei
A0:44:5C,Huawei
A0:48:39,Huawei
A0:4E:04,Nokia
A0:55:4F,Cisco
A0:57:E3,Huawei
A0:67:D6,Nokia
A0:70:B7,Huawei
A0:71:A9,Nokia
A0:88:9D,Huawei
A0:8C:F8,Huawei
A0:8D:16,Huawei
A0:91:CA,Nokia
A0:93:51,Cisco
A0:9D:86,Nokia
A0:9F:7A,D-Link
A0:A0:DC,Huawei
A0:A3:3B,Huawei
A0:A3:F0,D-Link
A0:A4:7F,Cisco
A0:AB:1B,D-Link
A0:AD:62,Huawei
A0:AF:12,Huawei
A0:B4:39,Cisco
A0:BC:6F,Cisco
A0:C2:0D,Huawei
A0:C7:D2,Cisco
A0:C9:26,Huawei
A0:C9:8B,Nokia
A0:CF:5B,Cisco
A0:D7:A0,Huawei
A0:D8:07,Huawei
A0:DE:0F,Huawei
A0:DF:15,Huawei
A0:E0:AF,Cisco
A0:E4:CB,Zyxel
A0:EC:F9,Cisco
A0:F3:C1,TP-Link
A0:F3:E4,Nokia
A0:F4:19,Nokia
A0:F4:79,Huawei
A0:F8:49,Cisco
A0:FA:C8,Huawei
A4:00:4E,Cisco
A4:00:E2,Huawei
A4:08:53,Nokia
A4:09:B3,Huawei
A4:0C:C3,Cisco
A4:10:B6,Cisco
A4:11:BB,Cisco
A4:16:E7,Huawei
A4:17:8B,Huawei
A4:18:75,Cisco
A4:1A:3A,TP-Link
A4:2A:95,D-Link
A4:2B:B0,TP-Link
A4:37:3E,Huawei
A4:3B:0E,Huawei
A4:3F:68,Arista
A4:43:43,Huawei
A4:43:80,Huawei
A4:46:B4,Huawei
A4:4C:11,Cisco
A4:51:5E,Juniper
A4:53:0E,Cisco
A4:56:30,Cisco
A4:6C:24,Huawei
A4:6C:2A,Cisco
A4:6D:A4,Huawei
A4:71:74,Huawei
A4:73:AB,Extreme
A4:77:60,Nokia
A4:78:06,Cisco
A4:79:52,Huawei
A4:7A:72,Arista
A4:7B:1A,Huawei
A4:7B:2C,Nokia
A4:7C:C9,Huawei
A4:7F:1B,Juniper
A4:81:EE,Nokia
A4:88:73,Cisco
A4:92:CB,Nokia
A4:93:3F,Huawei
A4:93:4C,Cisco
A4:93:AD,Huawei
A4:93:FE,Huawei
A4:97:00,Cisco
A4:97:91,Extreme
A4:99:47,Huawei
A4:9B:4F,Huawei
A4:9B:CD,Cisco
A4:A4:6B,Huawei
A4:A5:84,Cisco
A4:AA:FE,Huawei
A4:AC:0F,Huawei
A4:B2:39,Cisco
A4:B4:39,Cisco
A4:B6:1E,Huawei
A4:BA:76,Huawei
A4:BD:C4,Huawei
A4:BE:2B,Huawei
A4:C5:4E,Huawei
A4:C6:4F,Huawei
A4:C7:4B,Huawei
A4:C7:F6,Extreme
A4:CA:A0,Huawei
A4:DC:BE,Huawei
A4:DC:D5,Cisco
A4:DD:58,Huawei
A4:E1:1A,Juniper
A4:E3:1B,Nokia
A4:E7:31,Nokia
A4:EA:8E,Extreme
A4:FC:A1,Nokia
A4:FF:95,Nokia
A8:09:B1,Huawei
A8:0C:0D,Cisco
A8:0C:63,Huawei
A8:0D:E1,Huawei
A8:13:78,Nokia
A8:15:4D,TP-Link
A8:23:16,Nokia
A8:24:B8,Nokia
A8:29:48,TP-Link
A8:29:DC,TP-Link
A8:2B:CD,Huawei
A8:35:12,Huawei
A8:37:59,Huawei
A8:3B:5C,Huawei
A8:3E:D3,Huawei
A8:42:A1,TP-Link
A8:44:81,Nokia
A8:46:16,Huawei
A8:49:4D,Huawei
A8:4F:B1,Cisco
A8:50:81,Huawei
A8:57:4E,TP-Link
A8:5A:E0,Huawei
A8:63:7D,D-Link
A8:6E:4E,Huawei
A8:6E:84,TP-Link
A8:79:71,Huawei
A8:7B:39,Nokia
A8:7C:45,Huawei
A8:7D:12,Huawei
A8:7E:33,Nokia
A8:89:40,Huawei
A8:8F:99,Arista
A8:9A:D7,Nokia
A8:9D:21,Cisco
A8:AA:7C,Huawei
A8:AD:3D,Nokia
A8:B1:D4,Cisco
A8:B2:71,Huawei
A8:B4:56,Cisco
A8:C0:92,Huawei
A8:C2:52,Huawei
A8:C4:07,Huawei
A8:C6:47,Extreme
A8:C8:3A,Huawei
A8:CA:7B,Huawei
A8:D0:81,Huawei
A8:D0:E5,Juniper
A8:D4:E0,Huawei
A8:E0:18,Nokia
A8:E5:44,Huawei
A8:E5:EC,Nokia
A8:E9:78,Huawei
A8:F0:59,Huawei
A8:F0:7C,Huawei
A8:F2:66,Huawei
A8:F5:AC,Huawei
A8:F9:4B,Eltex
A8:FB:40,Nokia
A8:FF:BA,Huawei
AC:07:5F,Huawei
AC:15:A2,TP-Link
AC:22:41,Huawei
AC:2A:A1,Cisco
AC:31:84,Huawei
AC:33:28,Huawei
AC:3A:67,Cisco
AC:3D:94,Arista
AC:47:1B,Huawei
AC:4A:56,Cisco
AC:4A:67,Cisco
AC:4B:C8,Juniper
AC:4D:D9,Extreme
AC:4E:91,Huawei
AC:51:AB,Huawei
AC:5E:14,Huawei
AC:60:6F,Nokia
AC:60:89,Huawei
AC:61:75,Huawei
AC:64:90,Huawei
AC:75:1D,Huawei
AC:78:D1,Juniper
AC:7A:56,Cisco
AC:7E:01,Huawei
AC:7E:8A,Cisco
AC:7F:8D,Extreme
AC:81:F3,Nokia
AC:84:C6,TP-Link
AC:85:3D,Huawei
AC:8A:C7,Huawei
AC:8D:34,Huawei
AC:8F:A9,Nokia
AC:8F:F8,Nokia
AC:90:73,Huawei
AC:92:32,Huawei
AC:93:2F,Nokia
AC:93:6A,Huawei
AC:99:29,Huawei
AC:9C:E4,Nokia
AC:A0:16,Cisco
AC:A0:9D,Juniper
AC:A7:F1,TP-Link
AC:B3:B5,Huawei
AC:BC:D9,Cisco
AC:BD:70,Huawei
AC:C5:B4,Huawei
AC:CF:85,Huawei
AC:DC:CA,Huawei
AC:E0:11,Huawei
AC:E2:15,Huawei
AC:E3:42,Huawei
AC:E8:7B,Huawei
AC:EA:EA,Huawei
AC:ED:32,Extreme
AC:F1:DF,D-Link
AC:F2:C5,Cisco
AC:F5:E6,Cisco
AC:F9:70,Huawei
AC:FF:6B,Huawei
B0:00:B4,Cisco
B0:08:75,Huawei
B0:0B:22,Huawei
B0:16:56,Huawei
B0:19:21,TP-Link
B0:1B:FC,Cisco
B0:21:6F,Huawei
B0:24:91,Huawei
B0:26:80,Cisco
B0:27:CF,Extreme
B0:2B:64,Cisco
B0:2E:E0,Huawei
B0:33:A6,Juniper
B0:35:8D,Nokia
B0:3A:CE,Huawei
B0:42:B7,Huawei
B0:45:02,Huawei
B0:48:7A,TP-Link
B0:4E:26,TP-Link
B0:55:08,Huawei
B0:5A:7B,Huawei
B0:5B:67,Huawei
B0:5C:E5,Nokia
B0:70:0D,Nokia
B0:73:5D,Huawei
B0:75:4D,Nokia
B0:76:1B,Huawei
B0:7A:DF,Huawei
B0:7D:47,Cisco
B0:89:00,Huawei
B0:8B:CF,Cisco
B0:8B:D0,Cisco
B0:8D:57,Cisco
B0:90:7E,Cisco
B0:95:75,TP-Link
B0:95:8E,TP-Link
B0:98:BC,Huawei
B0:99:5A,Huawei
B0:A4:F0,Huawei
B0:A6:51,Cisco
B0:A7:B9,TP-Link
B0:A8:6E,Juniper
B0:AA:77,Cisco
B0:B2:DC,Zyxel
B0:BE:76,TP-Link
B0:C3:8E,Huawei
B0:C5:3C,Cisco
B0:C5:54,D-Link
B0:C6:1C,Huawei
B0:C6:9A,Juniper
B0:C7:87,Huawei
B0:CA:E7,Huawei
B0:CC:FE,Huawei
B0:D1:D6,Nokia
B0:D7:7E,Huawei
B0:E1:7E,Huawei
B0:E5:ED,Huawei
B0:EB:57,Huawei
B0:EB:7F,Juniper
B0:EC:DD,Huawei
B0:FA:8B,Huawei
B0:FA:EB,Cisco
B0:FE:E5,Huawei
B4:02:16,Cisco
B4:09:31,Huawei
B4:14:89,Cisco
B4:14:E6,Huawei
B4:15:13,Huawei
B4:16:78,Juniper
B4:1D:62,Nokia
B4:1D:C4,Huawei
B4:2B:B9,Huawei
B4:2D:56,Extreme
B4:30:52,Huawei
B4:37:D8,D-Link
B4:38:36,Huawei
B4:39:4C,Huawei
B4:3A:96,Arista
B4:3A:E2,Huawei
B4:43:26,Huawei
B4:43:89,Huawei
B4:4C:90,Cisco
B4:54:F2,Huawei
B4:5B:D1,TP-Link
B4:61:42,Huawei
B4:63:6F,Nokia
B4:6E:08,Huawei
B4:76:A4,Huawei
B4:7B:1A,Huawei
B4:86:55,Huawei
B4:89:01,Huawei
B4:8A:5F,Juniper
B4:91:07,Huawei
B4:92:FE,Arista
B4:A1:0A,Huawei
B4:A3:BD,Extreme
B4:A4:E3,Cisco
B4:A8:98,Huawei
B4:A8:B9,Cisco
B4:B0:24,TP-Link
B4:B0:55,Huawei
B4:C0:C3,TP-Link
B4:C2:F7,Huawei
B4:C3:D9,Huawei
B4:C7:99,Extreme
B4:CA:DD,Cisco
B4:CD:27,Huawei
B4:D1:F6,Huawei
B4:DE:31,Cisco
B4:E5:C5,Huawei
B4:E9:B0,Cisco
B4:F1:8C,Huawei
B4:F4:9B,Huawei
B4:F5:8E,Huawei
B4:F9:5D,Juniper
B4:FB:F9,Huawei
B4:FF:98,Huawei
B8:00:5B,Huawei
B8:08:D7,Huawei
B8:0B:9A,Huawei
B8:11:4B,Cisco
B8:14:5C,Huawei
B8:19:04,Nokia
B8:1D:1F,Huawei
B8:1E:0B,Extreme
B8:1E:9E,Huawei
B8:27:C5,Huawei
B8:2B:68,Huawei
B8:38:61,Cisco
B8:3C:20,Huawei
B8:50:01,Extreme
B8:51:A9,Nokia
B8:56:00,Huawei
B8:57:D6,Cisco
B8:58:FF,Arista
B8:5D:C3,Huawei
B8:5F:B0,Huawei
B8:61:FC,Juniper
B8:62:1F,Cisco
B8:69:F4,MikroTik
B8:75:2E,Huawei
B8:7C:D0,Huawei
B8:7C:F2,Extreme
B8:7E:40,Huawei
B8:85:7B,Huawei
B8:8E:82,Huawei
B8:94:36,Huawei
B8:97:7A,Nokia
B8:9F:CC,Huawei
B8:A1:B8,Arista
B8:A3:77,Cisco
B8:A3:86,D-Link
B8:BC:1B,Huawei
B8:BE:BF,Cisco
B8:C2:53,Juniper
B8:C3:85,Huawei
B8:C9:24,Cisco
B8:D4:C3,Huawei
B8:D5:26,Zyxel
B8:D5:AD,Nokia
B8:D6:F6,Huawei
B8:DA:E8,Huawei
B8:DC:28,Extreme
B8:E3:B1,Huawei
B8:EC:A3,Zyxel
B8:F0:15,Juniper
B8:F8:83,TP-Link
B8:FB:B3,TP-Link
B8:FE:90,Cisco
BC:07:1D,TP-Link
BC:0F:9A,D-Link
BC:0F:FE,Juniper
BC:15:41,Nokia
BC:16:65,Cisco
BC:16:F5,Cisco
BC:18:96,Huawei
BC:1A:E4,Huawei
BC:1E:85,Huawei
BC:22:28,D-Link
BC:25:E0,Huawei
BC:26:C7,Cisco
BC:2C:E6,Cisco
BC:2E:F6,Huawei
BC:34:D6,Extreme
BC:3D:85,Huawei
BC:3F:8F,Huawei
BC:46:99,TP-Link
BC:4A:56,Cisco
BC:4C:78,Huawei
BC:4C:A0,Huawei
BC:51:5F,Nokia
BC:52:B4,Nokia
BC:5A:56,Cisco
BC:62:0E,Huawei
BC:67:1C,Cisco
BC:68:C3,Huawei
BC:6B:4D,Nokia
BC:75:74,Huawei
BC:76:70,Huawei
BC:76:C5,Huawei
BC:7B:72,Huawei
BC:7E:C3,Zyxel
BC:7F:7B,Huawei
BC:8D:0E,Nokia
BC:8D:1F,Cisco
BC:97:89,Huawei
BC:99:11,Zyxel
BC:99:30,Huawei
BC:9A:53,Huawei
BC:9C:31,Huawei
BC:A0:B9,Huawei
BC:A2:31,Huawei
BC:AB:F5,Cisco
BC:B0:E7,Huawei
BC:B3:0E,Cisco
BC:BC:CA,Huawei
BC:C4:27,Huawei
BC:C4:36,Nokia
BC:C4:93,Cisco
BC:C6:DB,Nokia
BC:CD:7F,Huawei
BC:CF:4F,Zyxel
BC:D1:77,TP-Link
BC:D2:06,Huawei
BC:D2:95,Cisco
BC:E2:65,Huawei
BC:E7:12,Cisco
BC:F1:F2,Cisco
BC:F3:10,Extreme
BC:F6:85,D-Link
BC:FA:EB,Cisco
C0:03:80,Juniper
C0:06:0C,Huawei
C0:06:C3,TP-Link
C0:14:B8,Nokia
C0:14:FE,Cisco
C0:19:44,Juniper
C0:25:5C,Cisco
C0:25:E9,TP-Link
C0:2C:17,Cisco
C0:2E:1D,Nokia
C0:2E:5F,Zyxel
C0:33:79,Huawei
C0:38:F9,Nokia
C0:3A:55,TP-Link
C0:3E:50,Huawei
C0:3E:75,Huawei
C0:3F:DD,Huawei
C0:41:21,Nokia
C0:42:D0,Juniper
C0:4A:00,TP-Link
C0:4E:8A,Huawei
C0:52:34,Huawei
C0:54:4D,Nokia
C0:58:2E,Cisco
C0:5B:BD,Huawei
C0:61:18,TP-Link
C0:61:94,Huawei
C0:62:6B,Cisco
C0:64:C6,Nokia
C0:64:E4,Cisco
C0:67:AF,Cisco
C0:69:11,Arista
C0:70:09,Huawei
C0:78:31,Huawei
C0:7B:BC,Cisco
C0:83:C9,Huawei
C0:84:E0,Huawei
C0:8B:05,Huawei
C0:8B:2A,Cisco
C0:8C:60,Cisco
C0:9B:63,Huawei
C0:A0:BB,D-Link
C0:A3:6D,Huawei
C0:A9:38,Huawei
C0:AB:2B,Huawei
C0:B4:7D,Huawei
C0:B5:CD,Huawei
C0:BC:9A,Huawei
C0:BF:A7,Juniper
C0:BF:AC,Huawei
C0:BF:C0,Huawei
C0:C9:E3,TP-Link
C0:D0:26,Huawei
C0:D1:93,Huawei
C0:D4:6B,Huawei
C0:D6:82,Arista
C0:DA:5E,Huawei
C0:DC:D7,Huawei
C0:DF:ED,Juniper
C0:E0:18,Huawei
C0:E1:BE,Huawei
C0:E3:FB,Huawei
C0:E4:2D,TP-Link
C0:E5:79,Huawei
C0:F4:E6,Huawei
C0:F6:C2,Huawei
C0:F6:EC,Huawei
C0:F8:7F,Cisco
C0:F9:B0,Huawei
C0:FF:A8,Huawei
C4:05:28,Huawei
C4:06:83,Huawei
C4:07:2F,Huawei
C4:08:4A,Nokia
C4:09:B7,Juniper
C4:0A:CB,Cisco
C4:0D:96,Huawei
C4:12:EC,Huawei
C4:12:F5,D-Link
C4:13:E2,Extreme
C4:14:3C,Cisco
C4:16:88,Huawei
C4:16:C8,Huawei
C4:17:0E,Huawei
C4:18:FC,Cisco
C4:27:8C,Huawei
C4:2B:44,Huawei
C4:34:5B,Huawei
C4:3E:AB,Huawei
C4:44:7D,Huawei
C4:44:A0,Cisco
C4:46:06,Cisco
C4:47:3F,Huawei
C4:4D:84,Cisco
C4:4F:5F,Huawei
C4:57:CD,Huawei
C4:5A:86,Huawei
C4:5E:5C,Huawei
C4:63:C4,Huawei
C4:64:13,Cisco
C4:67:D1,Huawei
C4:69:F0,Huawei
C4:6D:D1,Huawei
C4:6E:1F,TP-Link
C4:71:54,TP-Link
C4:71:FE,Cisco
C4:72:95,Cisco
C4:75:EA,Huawei
C4:78:A2,Huawei
C4:7B:E3,Huawei
C4:7D:4F,Cisco
C4:7E:E0,Cisco
C4:80:25,Huawei
C4:86:E9,Huawei
C4:9A:31,Zyxel
C4:9D:08,Huawei
C4:9F:4C,Huawei
C4:A1:AE,Huawei
C4:A4:02,Huawei
C4:A8:1D,D-Link
C4:AA:43,Cisco
C4:AA:99,Huawei
C4:AB:4D,Cisco
C4:AD:34,MikroTik
C4:B1:D9,Huawei
C4:B2:39,Cisco
C4:B3:6A,Cisco
C4:B8:B4,Huawei
C4:B9:CD,Cisco
C4:BB:03,Huawei
C4:C6:03,Cisco
C4:CA:2B,Arista
C4:D4:38,Huawei
C4:D7:38,Huawei
C4:D8:D4,Huawei
C4:DB:04,Huawei
C4:DE:7B,Huawei
C4:E2:87,Huawei
C4:E9:0A,D-Link
C4:E9:84,TP-Link
C4:F0:81,Huawei
C4:F7:D5,Cisco
C4:FB:AA,Huawei
C4:FF:1F,Huawei
C4:FF:22,Huawei
C8:00:84,Cisco
C8:08:8B,Arista
C8:0C:C8,Huawei
C8:13:37,Juniper
C8:14:51,Huawei
C8:1F:BE,Huawei
C8:26:91,Arista
C8:28:E5,Cisco
C8:30:49,Huawei
C8:33:74,Zyxel
C8:33:E5,Huawei
C8:34:E5,Cisco
C8:39:AC,Huawei
C8:3D:97,Nokia
C8:3E:9E,Huawei
C8:47:09,Cisco
C8:4C:75,Cisco
C8:50:CE,Huawei
C8:51:95,Huawei
C8:51:FB,Extreme
C8:54:4B,Zyxel
C8:60:8F,Cisco
C8:66:5D,Extreme
C8:67:5E,Extreme
C8:68:DE,Huawei
C8:6C:87,Zyxel
C8:72:7E,Nokia
C8:78:7D,D-Link
C8:78:F7,Cisco
C8:82:34,Cisco
C8:84:A1,Cisco
C8:84:CF,Huawei
C8:8D:83,Huawei
C8:90:F7,Huawei
C8:94:BB,Huawei
C8:97:9F,Nokia
C8:9C:1D,Cisco
C8:9D:18,Huawei
C8:9F:1A,Huawei
C8:A7:76,Huawei
C8:B6:D3,Huawei
C8:B7:8A,Huawei
C8:BB:81,Huawei
C8:BC:9C,Huawei
C8:BE:19,D-Link
C8:BE:35,Extreme
C8:BF:FE,Huawei
C8:C2:FA,Huawei
C8:C4:65,Huawei
C8:CA:63,Huawei
C8:D1:0B,Nokia
C8:D1:5E,Huawei
C8:D1:A9,Huawei
C8:D3:A3,D-Link
C8:D9:95,Juniper
C8:DF:7C,Nokia
C8:E3:1D,Huawei
C8:E5:E0,Huawei
C8:E6:00,Huawei
C8:E7:F0,Juniper
C8:F8:6D,Nokia
C8:F9:F9,Cisco
C8:FE:6A,Juniper
CC:05:77,Huawei
CC:08:7B,Huawei
CC:08:FB,TP-Link
CC:16:7E,Cisco
CC:1A:A3,Arista
CC:1E:56,Huawei
CC:1E:97,Huawei
CC:20:8C,Huawei
CC:2D:E0,MikroTik
CC:32:96,Huawei
CC:32:E5,TP-Link
CC:34:29,TP-Link
CC:36:CF,Cisco
CC:38:E1,Huawei
CC:3D:D1,Huawei
CC:44:60,Huawei
CC:46:D6,Cisco
CC:53:B5,Huawei
CC:58:C7,Nokia
CC:5A:53,Cisco
CC:5C:61,Huawei
CC:5D:4E,Zyxel
CC:64:A6,Huawei
CC:66:B2,Nokia
CC:68:B6,TP-Link
CC:6A:33,Cisco
CC:70:ED,Cisco
CC:79:D7,Cisco
CC:7F:75,Cisco
CC:7F:76,Cisco
CC:87:4A,Nokia
CC:89:5E,Huawei
CC:89:FD,Nokia
CC:8A:84,Huawei
CC:8E:71,Cisco
CC:90:70,Cisco
CC:90:96,Huawei
CC:91:5B,Huawei
CC:96:A0,Huawei
CC:98:91,Cisco
CC:9D:A2,Eltex
CC:A2:23,Huawei
CC:B0:A8,Huawei
CC:B1:82,Huawei
CC:B2:55,D-Link
CC:B6:C8,Cisco
CC:B7:75,Huawei
CC:B7:C4,Huawei
CC:BA:6F,Huawei
CC:BA:BD,TP-Link
CC:BB:FE,Huawei
CC:BC:2B,Huawei
CC:BC:E3,Huawei
CC:CC:81,Huawei
CC:D3:42,Cisco
CC:D5:39,Cisco
CC:D7:3C,Huawei
CC:D8:C1,Cisco
CC:DB:93,Cisco
CC:DE:DE,Nokia
CC:E1:7F,Juniper
CC:E1:94,Juniper
CC:E4:D1,Arista
CC:ED:21,Nokia
CC:ED:4D,Cisco
CC:EF:48,Cisco
CC:FA:66,Huawei
CC:FF:90,Huawei
D0:04:77,Huawei
D0:05:E4,Huawei
D0:07:CA,Juniper
D0:09:C8,Cisco
D0:0D:F7,Huawei
D0:16:B4,Huawei
D0:2C:39,Cisco
D0:2D:B3,Huawei
D0:32:C3,D-Link
D0:37:45,TP-Link
D0:3E:5C,Huawei
D0:48:4F,Nokia
D0:48:A1,Juniper
D0:4E:99,Huawei
D0:57:4C,Cisco
D0:61:58,Huawei
D0:65:CA,Huawei
D0:69:C1,Huawei
D0:6D:C8,Huawei
D0:6F:82,Huawei
D0:72:DC,Cisco
D0:73:80,Huawei
D0:76:E7,TP-Link
D0:7A:B5,Huawei
D0:7D:33,Huawei
D0:7E:01,Huawei
D0:81:C5,Juniper
D0:85:43,Cisco
D0:94:CF,Huawei
D0:99:D5,Nokia
D0:A5:A6,Cisco
D0:B4:5D,Huawei
D0:C2:82,Cisco
D0:C6:5B,Huawei
D0:C6:7F,Huawei
D0:C7:89,Cisco
D0:C7:C0,TP-Link
D0:D0:4B,Huawei
D0:D0:FD,Cisco
D0:D7:83,Huawei
D0:D7:BE,Huawei
D0:DB:32,Nokia
D0:DC:2C,Cisco
D0:DD:49,Juniper
D0:E0:42,Cisco
D0:EA:11,MikroTik
D0:EC:35,Cisco
D0:EF:C1,Huawei
D0:F3:F5,Huawei
D0:F4:F7,Huawei
D0:F8:15,Huawei
D0:FF:98,Huawei
D4:01:6D,TP-Link
D4:01:C3,MikroTik
D4:04:FF,Juniper
D4:1A:D1,Zyxel
D4:2B:6F,Cisco
D4:2C:44,Cisco
D4:3D:F3,Zyxel
D4:40:F0,Huawei
D4:46:49,Huawei
D4:4D:77,Nokia
D4:4F:67,Huawei
D4:5A:3F,Juniper
D4:5D:42,Nokia
D4:5F:7A,Huawei
D4:61:2E,Huawei
D4:62:EA,Huawei
D4:66:24,Cisco
D4:6A:35,Cisco
D4:6A:A8,Huawei
D4:6B:A6,Huawei
D4:6D:50,Cisco
D4:6E:0E,TP-Link
D4:6E:5C,Huawei
D4:73:27,Huawei
D4:74:15,Huawei
D4:77:98,Cisco
D4:78:9B,Cisco
D4:79:54,Huawei
D4:7F:35,Cisco
D4:88:66,Huawei
D4:8C:B5,Cisco
D4:8F:A2,Huawei
D4:93:98,Nokia
D4:94:00,Huawei
D4:94:E8,Huawei
D4:99:6C,Juniper
D4:9F:DD,Huawei
D4:A0:2A,Cisco
D4:A1:48,Huawei
D4:A2:54,Huawei
D4:A9:23,Huawei
D4:AD:71,Cisco
D4:AD:BD,Cisco
D4:AF:F7,Arista
D4:B1:10,Huawei
D4:B6:C9,Nokia
D4:BB:E6,Huawei
D4:C1:FC,Nokia
D4:C9:3C,Cisco
D4:CA:6D,MikroTik
D4:CB:AF,Nokia
D4:D5:1B,Huawei
D4:D6:DF,TP-Link
D4:D7:48,Cisco
D4:D8:92,Huawei
D4:E3:3F,Nokia
D4:E8:80,Cisco
D4:EB:68,Cisco
D4:F2:42,Huawei
D4:F9:A1,Huawei
D8:01:D0,Huawei
D8:02:C0,Extreme
D8:06:F3,Arista
D8:07:B6,TP-Link
D8:0A:60,Huawei
D8:0D:17,TP-Link
D8:10:9F,Huawei
D8:15:0D,TP-Link
D8:18:D3,Juniper
D8:1B:B5,Huawei
D8:20:A2,Huawei
D8:24:BD,Cisco
D8:29:18,Huawei
D8:29:F8,Huawei
D8:2A:7E,Nokia
D8:40:08,Huawei
D8:44:89,TP-Link
D8:47:32,TP-Link
D8:47:BB,Huawei
D8:49:0B,Huawei
D8:53:9A,Juniper
D8:54:37,Huawei
D8:54:A2,Extreme
D8:54:F2,Huawei
D8:59:82,Huawei
D8:5D:4C,TP-Link
D8:62:CA,Cisco
D8:67:D3,Huawei
D8:67:D9,Cisco
D8:68:52,Huawei
D8:6D:17,Huawei
D8:74:DF,Huawei
D8:75:33,Nokia
D8:76:AE,Huawei
D8:80:DC,Huawei
D8:84:66,Extreme
D8:88:63,Huawei
D8:8A:DC,Huawei
D8:91:2A,Zyxel
D8:9A:C1,Nokia
D8:9B:3B,Huawei
D8:9E:61,Huawei
D8:A4:91,Huawei
D8:B1:22,Juniper
D8:B1:90,Cisco
D8:B2:49,Huawei
D8:C7:71,Huawei
D8:C9:60,Huawei
D8:CC:98,Huawei
D8:DA:F1,Huawei
D8:E0:16,Extreme
D8:EC:E5,Zyxel
D8:EF:42,Huawei
D8:EF:CD,Nokia
D8:F1:2E,TP-Link
D8:FE:E3,D-Link
DC:00:77,TP-Link
DC:05:39,Cisco
DC:08:56,Nokia
DC:09:4C,Huawei
DC:0B:09,Cisco
DC:12:1D,Huawei
DC:16:B2,Huawei
DC:21:E2,Huawei
DC:23:3B,Extreme
DC:27:27,Huawei
DC:2C:6E,MikroTik
DC:2D:3C,Huawei
DC:33:3D,Huawei
DC:38:E1,Juniper
DC:39:79,Cisco
DC:3E:F8,Nokia
DC:42:C8,Huawei
DC:61:80,Huawei
DC:62:1F,Huawei
DC:62:79,TP-Link
DC:6B:1B,Huawei
DC:72:9B,Huawei
DC:73:85,Huawei
DC:77:4C,Cisco
DC:77:94,Huawei
DC:7B:94,Cisco
DC:7E:1D,Huawei
DC:7E:F5,Huawei
DC:86:8D,Huawei
DC:8C:37,Cisco
DC:8D:8A,Nokia
DC:8E:6D,Huawei
DC:90:88,Huawei
DC:91:66,Huawei
DC:99:14,Huawei
DC:9C:99,Huawei
DC:9F:A4,Nokia
DC:A1:20,Nokia
DC:A5:F4,Cisco
DC:A7:82,Huawei
DC:B0:82,Nokia
DC:B8:08,Extreme
DC:BB:3D,Extreme
DC:C6:4B,Huawei
DC:C7:93,Nokia
DC:CE:C1,Cisco
DC:D2:FC,Huawei
DC:D2:FD,Huawei
DC:D4:44,Huawei
DC:D7:A0,Huawei
DC:D8:3B,Cisco
DC:D9:16,Huawei
DC:D9:AE,Nokia
DC:DB:27,Huawei
DC:DC:C3,Extreme
DC:E6:50,Extreme
DC:EA:E7,D-Link
DC:EB:94,Cisco
DC:EE:06,Huawei
DC:EF:80,Huawei
DC:F1:10,Nokia
DC:F7:19,Cisco
DC:FE:18,TP-Link
E0:00:84,Huawei
E0:05:C5,TP-Link
E0:06:30,Huawei
E0:0C:E5,Huawei
E0:0D:EE,Huawei
E0:0E:DA,Cisco
E0:19:1D,Huawei
E0:1C:41,Extreme
E0:1C:A7,Arista
E0:1C:FC,D-Link
E0:1F:2B,Nokia
E0:1F:6A,Huawei
E0:1F:ED,Nokia
E0:24:7F,Huawei
E0:24:81,Huawei
E0:28:0A,TP-Link
E0:28:61,Huawei
E0:2A:66,Cisco
E0:2E:3F,Huawei
E0:2F:6D,Cisco
E0:30:05,Nokia
E0:30:F9,Juniper
E0:36:76,Huawei
E0:40:07,Huawei
E0:40:27,Huawei
E0:4B:A6,Huawei
E0:4E:5D,Huawei
E0:5F:B9,Cisco
E0:69:BA,Cisco
E0:6C:C5,Huawei
E0:77:26,Huawei
E0:89:9D,Cisco
E0:8C:3C,Cisco
E0:97:96,Huawei
E0:A1:29,Extreme
E0:A3:AC,Huawei
E0:A6:70,Nokia
E0:AC:F1,Cisco
E0:AD:9B,Huawei
E0:AE:A2,Huawei
E0:B6:13,Arista
E0:CB:19,Nokia
E0:CC:7A,Huawei
E0:CD:B8,Huawei
E0:D1:73,Cisco
E0:D3:62,TP-Link
E0:D4:62,Huawei
E0:D4:91,Cisco
E0:D9:E3,Eltex
E0:DA:90,Huawei
E0:E0:FC,Huawei
E0:E3:7C,Huawei
E0:F3:30,Huawei
E0:F4:42,Huawei
E0:F6:2D,Juniper
E0:FA:5B,Arista
E4:06:E0,Huawei
E4:07:2B,Huawei
E4:0A:16,Huawei
E4:0E:EE,Huawei
E4:13:5C,Cisco
E4:16:13,Extreme
E4:18:6B,Zyxel
E4:19:C1,Huawei
E4:1F:7B,Cisco
E4:23:3C,Juniper
E4:26:8B,Huawei
E4:2B:79,Nokia
E4:34:93,Huawei
E4:35:C8,Huawei
E4:37:9F,Cisco
E4:38:7E,Cisco
E4:3E:C6,Huawei
E4:41:64,Nokia
E4:43:CF,TP-Link
E4:44:E5,Extreme
E4:4E:2D,Cisco
E4:54:E5,Huawei
E4:5A:D4,Eltex
E4:5D:37,Juniper
E4:5E:CC,Juniper
E4:62:C4,Cisco
E4:68:A3,Huawei
E4:6F:13,D-Link
E4:72:9D,Nokia
E4:72:E2,Huawei
E4:73:19,Huawei
E4:77:27,Huawei
E4:78:76,Arista
E4:79:3F,Juniper
E4:7E:66,Huawei
E4:81:84,Nokia
E4:82:10,Huawei
E4:83:26,Huawei
E4:89:CA,Cisco
E4:8D:8C,MikroTik
E4:8E:C5,Huawei
E4:8F:1D,Huawei
E4:8F:B7,Arista
E4:90:2A,Huawei
E4:99:5F,Huawei
E4:A1:E6,Nokia
E4:A4:1C,Cisco
E4:A7:C5,Huawei
E4:A7:D0,Huawei
E4:A8:B6,Huawei
E4:AA:5D,Cisco
E4:B1:07,Huawei
E4:B2:24,Huawei
E4:B5:55,Huawei
E4:BE:FB,Huawei
E4:C2:D1,Huawei
E4:C3:2A,TP-Link
E4:C7:22,Cisco
E4:D3:32,TP-Link
E4:D3:73,Huawei
E4:D3:F1,Cisco
E4:D4:36,Nokia
E4:DB:AE,Extreme
E4:DC:43,Huawei
E4:DC:CC,Huawei
E4:EC:10,Nokia
E4:F2:7C,Juniper
E4:FA:C4,TP-Link
E4:FB:5D,Huawei
E4:FC:82,Juniper
E4:FD:8C,Extreme
E4:FD:A1,Huawei
E8:04:62,Cisco
E8:08:8B,Huawei
E8:0A:B9,Cisco
E8:13:6E,Huawei
E8:15:0E,Nokia
E8:1E:92,Huawei
E8:24:A6,Juniper
E8:28:8D,Huawei
E8:28:C1,Eltex
E8:2B:C5,Huawei
E8:37:7A,Zyxel
E8:3F:67,Huawei
E8:40:40,Cisco
E8:48:B8,TP-Link
E8:4D:74,Huawei
E8:4D:D0,Huawei
E8:4F:A7,Huawei
E8:5C:0A,Cisco
E8:65:49,Cisco
E8:68:19,Huawei
E8:6D:E9,Huawei
E8:79:A3,Cisco
E8:7E:1C,Huawei
E8:80:E7,Huawei
E8:84:C6,Huawei
E8:86:CF,Nokia
E8:93:63,Nokia
E8:94:F6,TP-Link
E8:9F:39,Nokia
E8:A2:45,Juniper
E8:A3:4E,Huawei
E8:A5:5A,Juniper
E8:A6:60,Huawei
E8:A6:CA,Huawei
E8:AB:F3,Huawei
E8:AC:23,Huawei
E8:AE:C5,Arista
E8:B6:C2,Juniper
E8:B7:48,Cisco
E8:BA:70,Cisco
E8:BC:E4,Cisco
E8:BD:D1,Huawei
E8:C3:C5,Huawei
E8:CB:A1,Nokia
E8:CC:18,D-Link
E8:CD:2D,Huawei
E8:D3:22,Cisco
E8:D7:65,Huawei
E8:D7:75,Huawei
E8:DA:3E,Huawei
E8:DC:6C,Cisco
E8:DE:27,TP-Link
E8:E7:32,Nokia
E8:EA:34,Huawei
E8:EA:4D,Huawei
E8:EB:34,Cisco
E8:ED:F3,Cisco
E8:F0:85,Huawei
E8:F3:75,Nokia
E8:F6:54,Huawei
E8:F7:2F,Huawei
E8:F8:D0,Nokia
E8:F9:D4,Huawei
E8:FA:23,Huawei
E8:FD:35,Huawei
E8:FF:98,Huawei
EC:01:D5,Cisco
EC:08:6B,TP-Link
EC:0C:96,Nokia
EC:13:DB,Juniper
EC:17:2F,TP-Link
EC:19:2E,Cisco
EC:1A:02,Huawei
EC:1D:53,Huawei
EC:1D:8B,Cisco
EC:22:80,D-Link
EC:23:3D,Huawei
EC:26:CA,TP-Link
EC:30:91,Cisco
EC:38:73,Juniper
EC:38:8F,Huawei
EC:3A:52,Huawei
EC:3C:BB,Huawei
EC:3E:B3,Zyxel
EC:3E:F7,Juniper
EC:43:F6,Zyxel
EC:44:76,Cisco
EC:4D:47,Huawei
EC:53:6F,Huawei
EC:55:1C,Huawei
EC:56:23,Huawei
EC:5A:A3,Huawei
EC:60:73,TP-Link
EC:75:0C,TP-Link
EC:75:3E,Huawei
EC:7C:2C,Huawei
EC:7C:5C,Juniper
EC:81:52,Huawei
EC:81:9C,Huawei
EC:88:8F,TP-Link
EC:89:14,Huawei
EC:8A:48,Arista
EC:8C:9A,Huawei
EC:8E:12,Nokia
EC:94:D5,Juniper
EC:9B:5B,Nokia
EC:A1:CC,Cisco
EC:A1:D1,Huawei
EC:A6:2F,Huawei
EC:A7:8D,Cisco
EC:AA:8F,Huawei
EC:AD:E0,D-Link
EC:B1:E0,Eltex
EC:B8:78,Huawei
EC:B9:31,TP-Link
EC:B9:A5,Huawei
EC:BB:78,Cisco
EC:BD:1D,Cisco
EC:C0:18,Cisco
EC:C0:1B,Huawei
EC:C5:D2,Huawei
EC:C8:82,Cisco
EC:CB:30,Huawei
EC:CE:13,Cisco
EC:DD:24,Cisco
EC:E1:A9,Cisco
EC:E6:1D,Huawei
EC:E9:F5,Huawei
EC:F3:5B,Nokia
EC:F4:0C,Cisco
EC:F8:D0,Huawei
F0:03:BC,Cisco
F0:09:0D,TP-Link
F0:0F:EC,Huawei
F0:1C:2D,Juniper
F0:1D:2D,Cisco
F0:25:72,Cisco
F0:25:8E,Huawei
F0:29:29,Cisco
F0:2B:7C,Extreme
F0:2F:A7,Huawei
F0:33:E5,Huawei
F0:37:CF,Huawei
F0:3F:95,Huawei
F0:42:F5,Huawei
F0:43:47,Huawei
F0:4A:02,Cisco
F0:4B:3A,Juniper
F0:55:01,Huawei
F0:5C:0E,Huawei
F0:63:F9,Huawei
F0:64:26,Extreme
F0:6C:73,Nokia
F0:78:16,Cisco
F0:7C:C7,Juniper
F0:7D:68,D-Link
F0:7F:06,Cisco
F0:87:56,Zyxel
F0:98:38,Huawei
F0:9B:B8,Huawei
F0:9C:E9,Extreme
F0:9E:63,Cisco
F0:A0:B1,Huawei
F0:A4:EA,Huawei
F0:A7:31,TP-Link
F0:A9:51,Huawei
F0:B1:1D,Nokia
F0:B1:3F,Huawei
F0:B2:E5,Cisco
F0:B4:D2,D-Link
F0:BD:EE,Huawei
F0:C4:2F,Huawei
F0:C4:78,Huawei
F0:C7:1F,Arista
F0:C8:50,Huawei
F0:C8:B5,Huawei
F0:D3:2B,Juniper
F0:D7:EE,Huawei
F0:D8:05,Cisco
F0:E4:A2,Huawei
F0:F3:36,TP-Link
F0:F7:55,Cisco
F0:F7:E7,Huawei
F0:F7:FC,Huawei
F0:FA:C7,Huawei
F0:FE:E7,Huawei
F4:06:A3,Huawei
F4:0F:1B,Cisco
F4:1D:6B,Huawei
F4:1E:57,MikroTik
F4:1F:C2,Cisco
F4:24:8B,Huawei
F4:25:FE,Huawei
F4:2A:7D,TP-Link
F4:33:92,Cisco
F4:38:C1,Huawei
F4:41:9E,Huawei
F4:45:88,Huawei
F4:4C:7F,Huawei
F4:4D:5C,Zyxel
F4:4E:05,Cisco
F4:53:E4,Huawei
F4:54:24,Extreme
F4:55:9C,Huawei
F4:5B:29,Huawei
F4:5B:B4,Cisco
F4:5C:42,Huawei
F4:62:DC,Huawei
F4:63:1F,Huawei
F4:68:02,Huawei
F4:6D:2F,TP-Link
F4:6E:95,Extreme
F4:74:70,Cisco
F4:79:46,Huawei
F4:79:60,Huawei
F4:7F:35,Cisco
F4:83:CD,TP-Link
F4:84:8D,TP-Link
F4:87:C5,Huawei
F4:89:18,Huawei
F4:8C:EB,D-Link
F4:8E:09,Nokia
F4:8E:92,Huawei
F4:9F:F3,Huawei
F4:A1:57,Huawei
F4:A4:D6,Huawei
F4:A5:9D,Huawei
F4:A7:39,Juniper
F4:AC:C1,Cisco
F4:B2:4E,Huawei
F4:B5:2F,Juniper
F4:B7:8D,Huawei
F4:B8:21,Cisco
F4:BD:9E,Cisco
F4:BF:80,Huawei
F4:BF:A8,Juniper
F4:C6:13,Nokia
F4:C7:14,Huawei
F4:CB:52,Huawei
F4:CC:55,Juniper
F4:CE:48,Extreme
F4:CF:E2,Cisco
F4:DB:E6,Cisco
F4:DC:F9,Huawei
F4:DE:AF,Huawei
F4:E3:FB,Huawei
F4:E4:51,Huawei
F4:E5:F2,Huawei
F4:EA:67,Cisco
F4:EA:B5,Extreme
F4:EC:38,TP-Link
F4:EE:31,Cisco
F4:F2:6D,TP-Link
F4:F2:8A,Huawei
F4:F5:0B,TP-Link
F4:F5:A5,Nokia
F4:FB:B8,Huawei
F8:00:A1,Huawei
F8:01:13,Huawei
F8:07:5D,Huawei
F8:0B:CB,Cisco
F8:0D:A9,Zyxel
F8:0F:6F,Cisco
F8:13:08,Nokia
F8:14:DD,Cisco
F8:1A:67,TP-Link
F8:20:A9,Huawei
F8:22:29,Nokia
F8:23:B2,Huawei
F8:28:C9,Huawei
F8:2B:7F,Huawei
F8:2E:3F,Huawei
F8:2F:65,Huawei
F8:30:94,Nokia
F8:39:18,Cisco
F8:3B:7E,Huawei
F8:3D:FF,Huawei
F8:3E:95,Huawei
F8:4A:BF,Huawei
F8:4C:DA,Huawei
F8:4F:57,Cisco
F8:53:29,Huawei
F8:5C:4D,Nokia
F8:5F:2A,Nokia
F8:66:F2,Cisco
F8:68:FF,Cisco
F8:6B:D9,Cisco
F8:6E:EE,Huawei
F8:6F:B0,TP-Link
F8:72:EA,Cisco
F8:75:88,Huawei
F8:79:07,Huawei
F8:7A:41,Cisco
F8:7B:20,Cisco
F8:7D:3F,Huawei
F8:8C:21,TP-Link
F8:95:22,Huawei
F8:97:53,Huawei
F8:98:B9,Huawei
F8:98:EF,Huawei
F8:9A:25,Huawei
F8:9A:78,Huawei
F8:9B:6E,Nokia
F8:A5:C5,Cisco
F8:A7:3A,Cisco
F8:AF:05,Huawei
F8:B1:32,Huawei
F8:B7:E2,Cisco
F8:BA:E6,Nokia
F8:BF:09,Huawei
F8:C0:01,Juniper
F8:C1:16,Juniper
F8:C2:88,Cisco
F8:C3:9E,Huawei
F8:C6:50,Cisco
F8:C9:03,TP-Link
F8:CE:21,TP-Link
F8:D1:11,TP-Link
F8:DE:73,Huawei
F8:E5:7E,Cisco
F8:E8:11,Huawei
F8:E9:03,D-Link
F8:E9:4F,Cisco
F8:F7:B9,Huawei
FC:07:36,Huawei
FC:0A:81,Extreme
FC:11:93,Huawei
FC:12:2C,Huawei
FC:18:03,Huawei
FC:1B:D1,Huawei
FC:1C:A1,Nokia
FC:1D:3A,Huawei
FC:22:F4,Zyxel
FC:26:40,Huawei
FC:2F:AA,Nokia
FC:33:42,Juniper
FC:3F:7C,Huawei
FC:48:EF,Huawei
FC:4A:47,Nokia
FC:4C:EF,Huawei
FC:4D:A6,Huawei
FC:4E:6D,Huawei
FC:50:D6,Huawei
FC:51:B5,Huawei
FC:58:9A,Cisco
FC:59:C0,Arista
FC:5B:39,Cisco
FC:65:B3,Huawei
FC:72:88,Cisco
FC:73:FB,Huawei
FC:75:16,D-Link
FC:79:DD,Huawei
FC:86:2A,Huawei
FC:87:43,Huawei
FC:92:3B,Nokia
FC:93:1D,Huawei
FC:94:35,Huawei
FC:96:43,Juniper
FC:99:47,Cisco
FC:9F:2A,Zyxel
FC:A0:F3,Huawei
FC:A2:7E,Huawei
FC:AB:90,Huawei
FC:BC:D1,Huawei
FC:BD:67,Arista
FC:D7:33,TP-Link
FC:E1:A6,Huawei
FC:E3:3C,Huawei
FC:E5:57,Nokia
FC:EB:7B,Huawei
FC:EF:D7,Huawei
FC:F5:28,Zyxel
FC:F7:38,Huawei
FC:F7:7B,Huawei
FC:FB:FB,Cisco
